category,tag_id,label_nl,label_en,elite_gated,relevance_scope,relevance_clusters_high,relevance_clusters_low,relevance_countries_high,exclude_countries,notes
goals,goal-business-professional,Zakelijk & Professioneel,Business & Professional,no,universal,,,,,Universal across all eligible countries. Mid-class baseline.
goals,goal-elite-society,Elite Society,Elite Society,yes,cluster_dependent,E1_NW_EUROPE_ARISTOCRATIC|E2_ANGLOSPHERE_OLD_MONEY|E4_MEDITERRANEAN_ARISTOCRATIC|E5_GULF_ROYAL|E13_CEE_POST_SOVIET,,,,AMBASSADEUR-gated. Highest relevance in Tier A/B clusters with active aristocratic society. Less applicable in Tier C UHNW-only (different code) and Tier D (insufficient documentation).
goals,goal-romantic-social,Romantisch & Sociaal,Romantic & Social,no,universal,,,,,Universal. Mid-class lifestyle baseline.
goals,goal-world-traveler,Wereldreiziger,World Traveler,no,universal,,,,,Universal — travel ambition not culturally restricted in elite context. Note: Tier D countries may have limited 'travel-from' affordances.
goals,goal-philanthropy-impact,Filantropie & Maatschappelijke impact,Philanthropy & Social Impact,yes,cluster_dependent,E2_ANGLOSPHERE_OLD_MONEY|E1_NW_EUROPE_ARISTOCRATIC|E5_GULF_ROYAL|E7_EAST_ASIAN_CONFUCIAN,,US|GB|CH|DE|SA|AE|HK|SG,,"AMBASSADEUR-gated. UHNW + family-foundation tradition strongest in Anglo Old Money + NW European aristocratic-foundation tradition + Gulf royal-zakat tradition + East Asian family-foundation culture. Country overrides: US (Rockefeller/Gates tradition), CH (Geneva private foundations), SA/AE (royal zakat-charity)."
goals,goal-science-research,Wetenschap & Onderzoek,Science & Research,no,cluster_dependent,E1_NW_EUROPE_ARISTOCRATIC|E2_ANGLOSPHERE_OLD_MONEY|E3_NORDIC_MONARCHIES|E7_EAST_ASIAN_CONFUCIAN,E4_MEDITERRANEAN_ARISTOCRATIC|E13_CEE_POST_SOVIET,,,"Open tag. Highest in NW European + Anglo + Nordic + East Asian Confucian (academic-elite traditions: Oxbridge, Ivy League, Grandes Écoles, Tsinghua/Peking, Tokyo Univ, Karolinska). Lower in Mediterranean/CEE (less institutional academic-elite continuity)."
goals,goal-politics-diplomacy,Politiek & Diplomatie,Politics & Diplomacy,yes,country_specific,,,BE|GB|FR|DE|US|CH|NL|AT|IT|RU|CN|JP|IN|BR|SA|AE|IL|TR|EG|MA,,AMBASSADEUR-gated. Country-specific override: capital-cities + diplomatic-hub countries. BE special (Brussels = EU-NATO HQ). CH (Geneva UN). Vatican = ecclesiastical diplomacy. Lower in Tier D and Pacific microstates.
goals,goal-family-generation,Familie & Generationele transmissie,Family & Generational Transmission,yes,cluster_dependent,E5_GULF_ROYAL|E7_EAST_ASIAN_CONFUCIAN|E1_NW_EUROPE_ARISTOCRATIC|E9_SOUTH_ASIA|E10_LATIN_AMERICA_CRIOLLO,E11_CARIBBEAN_ANGLO,,,"AMBASSADEUR-gated. Family-business-succession + estate-transmission context strongest in: Gulf royal/tribal succession, East Asian Confucian filial-piety + chaebol/family-firm, NW European aristocratic primogenituur, South Asian joint-family + dynastic businesses, Latin American criollo family-firm. Less central in Anglo individualism."
goals,goal-spiritual-religious,Spirituele & Religieuze groei,Spiritual & Religious Growth,no,cluster_dependent,E5_GULF_ROYAL|E14_VATICAN_RELIGIOUS|E9_SOUTH_ASIA|E6_LEVANT_MAGHREB|E12_SUB_SAHARA,E2_ANGLOSPHERE_OLD_MONEY|E3_NORDIC_MONARCHIES,VA|SA|IR|IL|TH|BT|MA,,Open. Strongest in religious-public-sphere cultures (Gulf/Vatican/SE Asian Buddhist monarchies/Iran shi'a). Lowest in secularised Anglo + Nordic. Vatican (VA) = ecclesiastical heart. BT (Bhutan) Buddhist monarchy. SA-IR religious-elite formal.
goals,goal-creative-artistic,Creatief & Artistiek,Creative & Artistic,no,cluster_dependent,E1_NW_EUROPE_ARISTOCRATIC|E4_MEDITERRANEAN_ARISTOCRATIC|E2_ANGLOSPHERE_OLD_MONEY|E7_EAST_ASIAN_CONFUCIAN,,FR|IT|BE|DE|AT|GB|US|JP,,"Open. Cultural-capital cities (Paris, Florence, Berlin, Vienna, London, NYC, Tokyo) define creative-elite tradition. Belgian comics-art tradition. Japanese aesthetic-craft (kado, sadō, etc.)."
goals,goal-athletic-excellence,Sportieve excellence,Athletic Excellence,no,universal,,,,,Universal. Athletic ambition is culturally cross-cutting. Specific sport-relevance is captured in Sport & Vrijetijd tags.
goals,goal-lifestyle-wellbeing,Lifestyle & Welzijn,Lifestyle & Wellbeing,no,universal,,,,,"Universal. Wellness as life-goal is culture-cross-cutting. Specific wellness-practices (yoga, meditation, etc.) are captured in lifestyle tags later."
spheres,sphere-business-boardroom,Zakelijk & Boardroom,Business & Boardroom,no,universal,,,,,Universal. Business-elite arena across all Tier A/B/C countries.
spheres,sphere-fine-dining-gastronomy,Fine Dining & Gastronomie,Fine Dining & Gastronomy,no,cluster_dependent,E1_NW_EUROPE_ARISTOCRATIC|E4_MEDITERRANEAN_ARISTOCRATIC|E2_ANGLOSPHERE_OLD_MONEY|E7_EAST_ASIAN_CONFUCIAN,,FR|IT|BE|JP|ES|US|GB,,Strongest in culinary-capital cultures. FR/IT/BE classic European haute cuisine; JP Kaiseki tradition; US/GB modern fine dining.
spheres,sphere-art-culture,Kunst & Cultureel Leven,Art & Cultural Life,no,cluster_dependent,E1_NW_EUROPE_ARISTOCRATIC|E4_MEDITERRANEAN_ARISTOCRATIC|E2_ANGLOSPHERE_OLD_MONEY|E7_EAST_ASIAN_CONFUCIAN,,FR|IT|GB|DE|AT|US|JP|BE,,"Cultural-capital cities (Paris, Florence/Rome, London, Berlin/Vienna, NYC, Tokyo, Brussels)."
spheres,sphere-music-entertainment,Muziek & Entertainment,Music & Entertainment,no,universal,,,,,Universal. Specific music-genre-relevance captured in Cultural Interests later.
spheres,sphere-formal-ceremonial,Formele Gelegenheden & Ceremonieel,Formal Occasions & Ceremonial,no,cluster_dependent,E1_NW_EUROPE_ARISTOCRATIC|E2_ANGLOSPHERE_OLD_MONEY|E3_NORDIC_MONARCHIES|E5_GULF_ROYAL|E14_VATICAN_RELIGIOUS|E8_SE_ASIA_NON_CONFUCIAN,,GB|BE|NL|ES|DK|SE|NO|JP|JO|MA|SA|VA|TH|BT,,Strongest in active-monarchy + religious-court contexts. Ceremonial protocol culture intense in Tier A countries.
spheres,sphere-lifestyle-wellbeing,Lifestyle & Welzijn,Lifestyle & Wellbeing,no,universal,,,,,Universal. Wellness-as-lifestyle is culture-cross-cutting.
spheres,sphere-travel-hospitality,Reizen & Hospitality,Travel & Hospitality,no,universal,,,,,Universal. Both travel-consuming and host-hospitality dimensions present in all eligible countries.
spheres,sphere-academia-research,Wetenschap & Academia,Science & Academia,no,cluster_dependent,E1_NW_EUROPE_ARISTOCRATIC|E2_ANGLOSPHERE_OLD_MONEY|E3_NORDIC_MONARCHIES|E7_EAST_ASIAN_CONFUCIAN,,GB|US|DE|CH|FR|BE|NL|SE|JP|SG|HK|IL,,"Academic-elite arena: Oxbridge, Ivy League, Grandes Écoles, ETH Zurich, KU Leuven, Tsinghua/Peking, Tokyo, NUS, Hebrew University. Includes research institutes (Pasteur, Karolinska, Max Planck)."
spheres,sphere-politics-diplomacy,Politiek & Diplomatie,Politics & Diplomacy,yes,country_specific,,,BE|CH|GB|FR|DE|US|RU|CN|JP|IN|BR|SA|AE|IL|TR|EG|MA|JO|VA|NL|AT,,AMBASSADEUR-gated. Capital-city + diplomatic-hub specific. BE special (Brussels = EU + NATO HQ). CH special (Geneva UN). VA special (Holy See diplomacy). Lower in Tier D and Pacific microstates.
spheres,sphere-philanthropy-foundations,Filantropie & Foundations,Philanthropy & Foundations,yes,cluster_dependent,E2_ANGLOSPHERE_OLD_MONEY|E1_NW_EUROPE_ARISTOCRATIC|E5_GULF_ROYAL|E7_EAST_ASIAN_CONFUCIAN,,US|GB|CH|DE|BE|NL|SA|AE|QA|HK|SG|JP,,"AMBASSADEUR-gated. UHNW + foundation-tradition arena. US (Rockefeller/Carnegie/Gates), CH (Geneva private foundations), Gulf (royal-zakat institutions), East Asian (family foundations - Tata-like in IN). Different from goal-philanthropy-impact: sphere = waar je opereert, goal = wat je nastreeft."
spheres,sphere-family-heritage,Familie & Erfgoed,Family & Heritage,yes,cluster_dependent,E5_GULF_ROYAL|E7_EAST_ASIAN_CONFUCIAN|E1_NW_EUROPE_ARISTOCRATIC|E9_SOUTH_ASIA|E10_LATIN_AMERICA_CRIOLLO|E6_LEVANT_MAGHREB,,SA|AE|JP|KR|CN|HK|TW|BE|NL|FR|DE|AT|CH|IT|ES|IN|PK|MX|BR|AR|LB|JO|MA,,"AMBASSADEUR-gated. Estate-stewardship, family-business-succession, primogenituur, fideicommissum-context. Strongest in cultures with continuous family-line traditions (Confucian filial piety, Gulf tribal lineage, NW European aristocratic continuity, Hispanic/Lusophone criollo, South Asian joint-family)."
spheres,sphere-religious-community,Religie & Spiritualiteit,Religious Community & Spirituality,no,cluster_dependent,E5_GULF_ROYAL|E14_VATICAN_RELIGIOUS|E9_SOUTH_ASIA|E6_LEVANT_MAGHREB|E8_SE_ASIA_NON_CONFUCIAN|E12_SUB_SAHARA,E2_ANGLOSPHERE_OLD_MONEY|E3_NORDIC_MONARCHIES|E13_CEE_POST_SOVIET,VA|SA|IR|IL|TH|BT|KH|MA|JO|EG|IN|PK|LB,,"Religious-public-sphere strongest in Muslim Gulf, Catholic Latin/Vatican, Buddhist SE Asia, Hindu South Asia, Confessional Lebanon. Secularised in Anglo + Nordic + post-Soviet."
dresscode,dresscode-white-tie,Witte das (Rok),White Tie,yes,cluster_dependent,E1_NW_EUROPE_ARISTOCRATIC|E2_ANGLOSPHERE_OLD_MONEY|E3_NORDIC_MONARCHIES|E4_MEDITERRANEAN_ARISTOCRATIC|E14_VATICAN_RELIGIOUS,,GB|BE|NL|ES|DK|SE|NO|JP|MC|LI|LU|VA|AT|DE|FR|IT|IL,,"Most formal evening dress. Mandatory for state dinners + royal weddings + Nobel ceremonies + Vienna Opera Ball. Sweden Nobel banquet, GB state banquets, JP Imperial dinners."
dresscode,dresscode-black-tie,Zwarte das (Smoking),Black Tie,yes,universal,,,,,Universal AMB-gated. Formal evening across Tier A/B/C. Most internationally-recognized formal code.
dresscode,dresscode-black-tie-creative,Zwarte das Creatief,Black Tie Creative,yes,cluster_dependent,E2_ANGLOSPHERE_OLD_MONEY|E1_NW_EUROPE_ARISTOCRATIC,,US|GB|FR,,"Variant — creative-twist Black Tie. Met Gala, Cannes, Vanity Fair Oscar Party context. Anglo + French capital-cities."
dresscode,dresscode-morning-dress,Ochtendjas (Jacquet),Morning Dress,yes,cluster_dependent,E2_ANGLOSPHERE_OLD_MONEY|E1_NW_EUROPE_ARISTOCRATIC|E3_NORDIC_MONARCHIES,,GB|BE|NL|ES|DK|SE|NO|JP|MC,,"Formal daywear: Royal Ascot, royal weddings, state-occasions. Strongest in active monarchies."
dresscode,dresscode-stroller,Stroller,Stroller / Black Lounge,yes,cluster_dependent,E2_ANGLOSPHERE_OLD_MONEY|E1_NW_EUROPE_ARISTOCRATIC,,GB|BE|NL|DE|FR,,"Semi-formal daywear (between Lounge Suit and Morning Dress). Black jacket + striped trousers. Less formal than Morning Dress. Diplomatic + court ceremonies, formal funerals."
dresscode,dresscode-garden-party-day,Garden Party Daywear,Garden Party Day Wear,yes,cluster_dependent,E2_ANGLOSPHERE_OLD_MONEY|E1_NW_EUROPE_ARISTOCRATIC,,GB|US|FR|BE|NL,,Royal Ascot Day 1-2-3 variants; Garden party at Buckingham Palace; Queen's birthday garden parties. Lighter than Morning Dress; hats mandatory for women.
dresscode,dresscode-business-formal,Formeel zakelijk,Business Formal,no,universal,,,,,Universal. Standard corporate formal.
dresscode,dresscode-lounge-suit,Lounge-pak,Lounge Suit,no,universal,,,,,Universal. Day suit standard.
dresscode,dresscode-cocktail,Cocktailtenue,Cocktail Attire,no,universal,,,,,Universal. Evening reception standard.
dresscode,dresscode-business-casual,Zakelijk casual,Business Casual,no,universal,,,,,Universal. Modern office relaxed-formal.
dresscode,dresscode-smart-office,Smart Office,Smart Office,no,universal,,,,,Universal. Friday-casual + modern startup-office. Distinct from Business Casual: less formal but presentable.
dresscode,dresscode-smart-casual,Verzorgd casual,Smart Casual,no,universal,,,,,Universal. Polished informal.
dresscode,dresscode-country-casual,Landelijk casual,Country Casual,yes,cluster_dependent,E2_ANGLOSPHERE_OLD_MONEY|E1_NW_EUROPE_ARISTOCRATIC,,GB|BE|NL|DE|FR|US|IE,,"AMBASSADEUR-gated. Tweed, Barbour, country-house weekend, hunt-shoot context. Strongest in Anglo-Continental country-estate tradition."
dresscode,dresscode-creative-casual,Creatief casual,Creative Casual,no,universal,,,,,Universal. Creative-industries informal.
dresscode,dresscode-resort-formal,Vakantiekledij (Resort),Resort Formal,no,universal,,,,,Universal. Resort + cruise + holiday luxury.
dresscode,dresscode-highland-dress,Highland Dress (Kilt),Highland Dress,yes,country_specific,,,GB|CA|AU|NZ|US,,"AMBASSADEUR-gated. Schotse formal (Argyll + Prince Charlie variants). Burns Night, Edinburgh Tattoo, Scottish weddings. Diaspora-significant (CA/AU/US Scottish-descendent communities)."
dresscode,dresscode-court-dress,Hofkledij,Court Dress,yes,country_specific,,,GB|BE|NL|ES|DK|SE|NO|JP|MC|LI|LU|MA|JO|SA|BT|TH|KH|MY|BN,,AMBASSADEUR-gated. Formal court protocol dress (variants per monarchy). Royal Court appearances; state ceremonies. Tier A monarchies only.
dresscode,dresscode-diplomatic-uniform,Diplomatiek uniform,Diplomatic Uniform,yes,country_specific,,,BE|GB|FR|DE|NL|ES|IT|AT|RU|JP|CN|VA,,AMBASSADEUR-gated. Career-diplomat ceremonial uniform (varies per country). Strongest in countries with formal diplomatic corps tradition.
dresscode,dresscode-mess-dress,Officiers-Galauniform,Mess Dress,yes,country_specific,,,GB|BE|NL|ES|DK|SE|NO|FR|DE|AT|US|CA|AU|JP|MA|JO|SA,,AMBASSADEUR-gated. Military formal evening uniform (variants per service + per country). Officers' Mess functions; military balls.
dresscode,dresscode-tropical-formal,Tropisch formeel,Tropical Formal,yes,cluster_dependent,E5_GULF_ROYAL|E8_SE_ASIA_NON_CONFUCIAN|E11_CARIBBEAN_ANGLO,,SA|AE|QA|KW|BH|OM|MY|BN|SG|HK|TH|ID|PH|JM|TT|BB|BS|IN,,"AMBASSADEUR-gated. Tropical-climate White Tie/Black Tie equivalent: white dinner jacket, lightweight tropical formal. Gulf + tropical Asia + Caribbean."
dresscode,dresscode-national-dress-eu-aristocratic,Nationale klederdracht NL/BE/DE/AT/CH,National Aristocratic Dress (Continental),no,country_specific,,,AT|DE|CH|NL|BE,,Country-traditional formal (Dirndl/Lederhosen for AT/DE/CH; regional varieties NL/BE for specific occasions). Less elite-restricted than Court Dress.
dresscode,dresscode-national-dress-thawb-bisht,Thawb / Bisht (Golf),Thawb / Bisht,no,cluster_dependent,E5_GULF_ROYAL|E6_LEVANT_MAGHREB,,SA|AE|QA|KW|BH|OM|YE|JO|EG,,Gulf + Levant traditional formal male attire. Thawb (white robe) for daily; Bisht (overrobe) for formal occasions. Royal courts essential.
dresscode,dresscode-national-dress-kimono,Kimono (formeel),Kimono (formal),no,country_specific,,,JP,,"Japanese formal traditional: variants per occasion (kuromontsuki for men, kurotomesode/furisode/houmongi for women). Distinct elite-courtly protocol."
dresscode,dresscode-national-dress-sari-sherwani,Sari / Sherwani (Zuid-Aziatisch),Sari / Sherwani,no,cluster_dependent,E9_SOUTH_ASIA,,IN|PK|BD|LK|NP,,"South Asian formal. Sari for women, Sherwani/Achkan for men. Elite-formal occasions: weddings, formal receptions, diplomatic functions."
dresscode,dresscode-national-dress-hanbok,Hanbok,Hanbok,no,country_specific,,,KR|KP,,Korean traditional formal. Modern hanbok-variants for weddings + formal occasions.
dresscode,dresscode-national-dress-cheongsam-hanfu,Cheongsam / Hanfu,Cheongsam / Hanfu,no,country_specific,,,CN|HK|TW|SG,,"Chinese traditional formal. Cheongsam (qipao) for women, Tangzhuang/Hanfu-revival for men. Modern elite weddings + cultural events."
dresscode,dresscode-national-dress-thai-royal,Thai Royal Dress,Thai Royal Dress,no,country_specific,,,TH|KH|LA,,"Thai royal-court formal: Chut Thai variants for women, Suea Phra Ratchathan for men. Thai royal protocol context."
dresscode,dresscode-national-dress-agbada-iro-buba,Agbada / Iro-Buba (West-Afrikaans),Agbada / Iro-Buba,no,cluster_dependent,E12_SUB_SAHARA,,NG|GH|SN|CI,,"West African formal traditional. Agbada (flowing robe) for men, Iro-Buba + Gele headtie for women. Elite-context + traditional ruler appearances."
dresscode,dresscode-wedding-guest,Bruiloft-gast,Wedding Guest Attire,no,universal,,,,,Universal. Variants per cultural context — captured separately in scenario generation.
dresscode,dresscode-funeral-attire,Rouwkleding,Funeral Attire,no,universal,,,,,Universal. Black/dark formal universally; specifics per religious-cultural context.
dresscode,dresscode-festive-wear,Feestkleding (seizoenen),Festive Wear,no,universal,,,,,Universal. Holiday-season variants: Christmas/New Year/Ramadan-Eid/Lunar New Year/Diwali/etc. Specific per religion-culture.
wardrobe_philosophy,wardrobe-capsule,Capsulegarderobe,Capsule Wardrobe,no,universal,,,,,Lifestyle-philosophy: minimal coordinated wardrobe. Cultural-cross-cutting.
wardrobe_philosophy,wardrobe-vintage-classic,Vintage en klassiek,Vintage & Classic,no,universal,,,,,Style-philosophy: timeless/heritage pieces. Cross-cutting.
wardrobe_philosophy,wardrobe-sustainable,Duurzame mode,Sustainable Fashion,no,universal,,,,,"Ethical/sustainable approach. Strongest in NW Europe + Nordic + Anglo conscientious-consumer cultures, but cross-cutting."
wardrobe_philosophy,wardrobe-bespoke-tailoring,Maatkleding (Bespoke),Bespoke Tailoring,yes,cluster_dependent,E2_ANGLOSPHERE_OLD_MONEY|E1_NW_EUROPE_ARISTOCRATIC|E4_MEDITERRANEAN_ARISTOCRATIC,,GB|IT|FR|BE|US|JP,,AMBASSADEUR-gated. Savile Row + Italian tailoring + French haute couture context. UHNW wardrobe-aanpak.
wardrobe_philosophy,wardrobe-haute-couture,Haute Couture,Haute Couture,yes,country_specific,,,FR|IT|US|GB,,AMBASSADEUR-gated. Paris haute couture (Chambre Syndicale members) + Milan + NYC + London. Specific atelier-context. Female-leaning.
sport_leisure,sport-football-soccer,Voetbal,Football / Soccer,no,universal,,,,,Universal global mass-sport.
sport_leisure,sport-tennis,Tennis,Tennis,no,universal,,,,,Universal — mass + elite-club tradition (Wimbledon/RG/AO/USO). All Tier A/B/C.
sport_leisure,sport-padel,Padel,Padel,no,cluster_dependent,E4_MEDITERRANEAN_ARISTOCRATIC|E10_LATIN_AMERICA_CRIOLLO,,ES|AR|MX|BR|IT|FR,,Spanish/Latin-origin; mass-explosion last decade in ES + LatAm. Spreading globally.
sport_leisure,sport-swimming,Zwemmen,Swimming,no,universal,,,,,Universal.
sport_leisure,sport-running-marathon,Marathon-Hardlopen,Marathon Running,no,universal,,,,,Universal — World Marathon Majors (Berlin/Boston/Chicago/London/NYC/Tokyo).
sport_leisure,sport-running-trail,Trail Running,Trail Running,no,cluster_dependent,E1_NW_EUROPE_ARISTOCRATIC|E2_ANGLOSPHERE_OLD_MONEY|E3_NORDIC_MONARCHIES,,CH|FR|IT|US|GB|NO|SE,,"UTMB (Chamonix), Western States, Lavaredo — Alpine + Anglo + Nordic outdoor."
sport_leisure,sport-cycling-road,Wegfietsen,Road Cycling,no,cluster_dependent,E1_NW_EUROPE_ARISTOCRATIC|E4_MEDITERRANEAN_ARISTOCRATIC,,BE|NL|FR|IT|ES|CH,,"Cycling-classic countries: Belgium Spring Classics, Tour de France, Giro, Vuelta. Belgian-Dutch national passion."
sport_leisure,sport-cycling-mountain,Mountainbiken,Mountain Biking,no,universal,,,,,Universal modern outdoor.
sport_leisure,sport-cycling-leisure,Fietsen (recreatief),Cycling (Leisure),no,universal,,,,,Universal — daily/leisure.
sport_leisure,sport-volleyball,Volleybal,Volleyball,no,universal,,,,,Universal; beach volleyball coastal variant.
sport_leisure,sport-basketball,Basketbal,Basketball,no,universal,,,,,Universal.
sport_leisure,sport-table-tennis,Tafeltennis,Table Tennis,no,cluster_dependent,E7_EAST_ASIAN_CONFUCIAN,,CN|JP|KR|HK|TW,,East Asian-dominated international; universal recreational.
sport_leisure,sport-yoga,Yoga,Yoga,no,universal,,,,,Universal modern wellness.
sport_leisure,sport-pilates,Pilates,Pilates,no,universal,,,,,Universal modern wellness.
sport_leisure,sport-hiking-walking,Wandelen / Hiking,Hiking / Walking,no,universal,,,,,Universal.
sport_leisure,sport-snowboarding,Snowboarden,Snowboarding,no,cluster_dependent,E1_NW_EUROPE_ARISTOCRATIC|E2_ANGLOSPHERE_OLD_MONEY|E3_NORDIC_MONARCHIES,,CH|AT|FR|IT|US|CA|NO|SE,,Modern variant of skiing context.
sport_leisure,sport-skiing-alpine,Alpineskiën,Alpine Skiing,no,cluster_dependent,E1_NW_EUROPE_ARISTOCRATIC|E2_ANGLOSPHERE_OLD_MONEY|E3_NORDIC_MONARCHIES,,CH|AT|FR|IT|DE|US|CA|NO|SE,,Continental Alps + Nordic + Anglo Rockies/Whistler. Mid-class to elite spectrum.
sport_leisure,sport-equestrian-dressage,Dressuur,Equestrian Dressage,yes,cluster_dependent,E1_NW_EUROPE_ARISTOCRATIC|E3_NORDIC_MONARCHIES|E2_ANGLOSPHERE_OLD_MONEY,,NL|DE|GB|DK|SE|FR|BE|US,,AMB-gated. Continental European-elite Olympic discipline. NL+DE dominant; Belgian/Dutch elite-school context.
sport_leisure,sport-equestrian-showjumping,Springruiterij,Equestrian Show Jumping,yes,cluster_dependent,E1_NW_EUROPE_ARISTOCRATIC|E2_ANGLOSPHERE_OLD_MONEY|E10_LATIN_AMERICA_CRIOLLO,,BE|NL|FR|DE|IE|GB|US|BR|AR,,AMB-gated. Belgian-Dutch-French strong; Aga Khan trophy Dublin; Global Champions Tour.
sport_leisure,sport-equestrian-polo,Polo,Polo,yes,cluster_dependent,E2_ANGLOSPHERE_OLD_MONEY|E10_LATIN_AMERICA_CRIOLLO|E9_SOUTH_ASIA|E5_GULF_ROYAL,,GB|AR|US|IN|AE|ES|BR|FR,,"AMB-gated. Hurlingham Club (GB), Argentine Open (highest globally), Maharaja Jodhpur tradition (IN), AE Royal-supported."
sport_leisure,sport-equestrian-fox-hunting,Vossenjacht (Hunt),Fox Hunting,yes,country_specific,,,GB|IE|US,,AMB-gated. UK-Anglo tradition; banned in modern UK (2004) but ride-following continues. IE active; US wealthy-county hunts.
sport_leisure,sport-equestrian-horse-racing,Paardenrennen (Flat & Steeplechase),Horse Racing,yes,cluster_dependent,E2_ANGLOSPHERE_OLD_MONEY|E1_NW_EUROPE_ARISTOCRATIC|E5_GULF_ROYAL,,GB|IE|US|FR|AU|HK|JP|AE|SA,,"AMB-gated. Royal Ascot, Epsom Derby, Kentucky Derby, Melbourne Cup, Dubai World Cup, Longchamp Arc. Royal patronage British + Gulf."
sport_leisure,sport-hunting-game-shooting,Plezierjacht (Wildhoender),Game Shooting (Driven Birds),yes,country_specific,,,GB|IE|ES|FR|BE|DK|US,,AMB-gated. UK pheasant/grouse/partridge driven shoots — country estate context. SE Spain partridge driven; FR battue; BE/NL faisanderie.
sport_leisure,sport-hunting-wing-shooting,Wing Shooting (US-stijl),Wing Shooting (Walk-up),yes,country_specific,,,US|CA|AR|UY|MX,,AMB-gated. US-style walk-up shooting: dove/quail/duck. Argentine dove-hunting (Córdoba) elite-international destination.
sport_leisure,sport-hunting-deer-stalking,Hertenpirschen,Deer Stalking,yes,country_specific,,,GB|DE|AT|CH|US|NZ,,"AMB-gated. Highland Scotland (stalking on estate), Continental European stalking, NZ South Island."
sport_leisure,sport-hunting-falconry,Valkenjacht,Falconry,yes,cluster_dependent,E5_GULF_ROYAL|E6_LEVANT_MAGHREB,E2_ANGLOSPHERE_OLD_MONEY,AE|SA|QA|KW|BH|OM|MA|MN|GB,,AMB-gated. **Essentieel Gulf-elite** — UNESCO Intangible Cultural Heritage. AE National Sport. SA/QA royal-patronage. UK British Falconers Club traditional. Mongolia eagle-hunters (Kazakh).
sport_leisure,sport-fencing,Schermen,Fencing,yes,cluster_dependent,E1_NW_EUROPE_ARISTOCRATIC|E2_ANGLOSPHERE_OLD_MONEY|E13_CEE_POST_SOVIET|E7_EAST_ASIAN_CONFUCIAN,,IT|FR|HU|RU|DE|US|JP|KR,,AMB-gated. European-aristocratic martial-art origin. Italian + French schools historic. Hungary + Russia strong Olympic.
sport_leisure,sport-martial-arts-japanese,Japanse martial arts (Judo/Karate/Aikido/Kendo),Japanese Martial Arts,no,cluster_dependent,E7_EAST_ASIAN_CONFUCIAN,,JP|KR|TW|CN,,"Universal practice but JP-origin + cultural depth (kata, ranks, dojo tradition)."
sport_leisure,sport-sailing-regatta,Zeilen (Wedstrijd),Sailing (Regatta),yes,cluster_dependent,E1_NW_EUROPE_ARISTOCRATIC|E2_ANGLOSPHERE_OLD_MONEY|E3_NORDIC_MONARCHIES|E4_MEDITERRANEAN_ARISTOCRATIC,,GB|MC|FR|IT|NL|US|AU|NZ|SE|DK,,"AMB-gated. America's Cup (US/NZ/CH/IT), Cowes Week (GB), Saint-Tropez Voiles, Cannes Régates Royales, Sydney-Hobart, Volvo Ocean Race."
sport_leisure,sport-yachting,Jachten (Motor/Pleasure),Yachting (Motor / Leisure),yes,universal,,,,,AMB-gated. UHNW pleasure-yachting separate from sailing-regatta. Mediterranean/Caribbean charter culture.
sport_leisure,sport-rowing,Roeien,Rowing,yes,cluster_dependent,E2_ANGLOSPHERE_OLD_MONEY|E1_NW_EUROPE_ARISTOCRATIC,,GB|US|NL|DE|AU|NZ|CA,,"AMB-gated. Oxford/Cambridge Boat Race, Henley Royal Regatta, US Ivy League. Dutch + Belgian strong."
sport_leisure,sport-skiing-cross-country,Langlauf (Skilanglauf),Cross-Country Skiing,no,cluster_dependent,E3_NORDIC_MONARCHIES|E1_NW_EUROPE_ARISTOCRATIC,,NO|SE|FI|CH|AT|DE|FR,,"Nordic discipline. Vasaloppet (SE), Holmenkollen (NO). Mid-class to elite in Nordic countries."
sport_leisure,sport-skiing-touring,Ski touring / Backcountry,Ski Touring / Backcountry,yes,cluster_dependent,E1_NW_EUROPE_ARISTOCRATIC|E3_NORDIC_MONARCHIES,,CH|AT|FR|IT|NO|SE|US,,"AMB-gated. Haute Route (CH-FR), Bavarian Alps. Mountain-elite expedition culture."
sport_leisure,sport-skiing-heli,Heli-skiing,Heli-Skiing,yes,cluster_dependent,E2_ANGLOSPHERE_OLD_MONEY|E1_NW_EUROPE_ARISTOCRATIC,,CA|US|CH|AT|NZ,,"AMB-gated. UHNW only. Bugaboos (CA), Wasatch (US), Verbier (CH)."
sport_leisure,sport-curling,Curling,Curling,yes,country_specific,,,GB|CA|US|SE|NO|DK|CH,,"AMB-gated. Royal Caledonian Curling Club (GB Scotland-origin), CA national passion + Olympic dominance, Swiss curling clubs."
sport_leisure,sport-mountaineering-alpinism,Bergbeklimmen / Alpinisme,Mountaineering / Alpinism,yes,cluster_dependent,E1_NW_EUROPE_ARISTOCRATIC|E2_ANGLOSPHERE_OLD_MONEY|E9_SOUTH_ASIA,,CH|AT|IT|FR|DE|GB|US|NP|IN,,"AMB-gated. Alpine Club (GB founding 1857), Swiss Alpine Club (SAC), Club Alpin Français. Himalayan-class: Everest UHNW expeditions, Annapurna, K2."
sport_leisure,sport-climbing-sport,Sportklimmen,Sport Climbing,no,universal,,,,,Universal modern; Olympic 2020. Indoor + outdoor.
sport_leisure,sport-bridge-cards,Bridge,Bridge (Cards),yes,cluster_dependent,E2_ANGLOSPHERE_OLD_MONEY|E1_NW_EUROPE_ARISTOCRATIC|E13_CEE_POST_SOVIET,,GB|US|FR|NL|BE|DE|IT|RU|PL,,"AMB-gated. Intellectual-elite card-sport: Buffett/Gates known players. Bermuda Bowl, World Bridge Federation. Anglo + Continental + post-Soviet strong."
sport_leisure,sport-chess,Schaken,Chess,no,cluster_dependent,E13_CEE_POST_SOVIET|E1_NW_EUROPE_ARISTOCRATIC|E7_EAST_ASIAN_CONFUCIAN|E9_SOUTH_ASIA,,RU|UA|IN|CN|US|NO|HU|NL|FR|DE|AM|AZ|GE,,Universal AMB-not but strong tradition Russian + Eastern European + Indian (Anand).
sport_leisure,sport-go-baduk,Go / Baduk / Weiqi,Go / Baduk / Weiqi,no,country_specific,,,JP|CN|KR|TW,,East Asian intellectual sport. Cultural-deep in JP/CN/KR.
sport_leisure,sport-billiards-snooker,Biljart / Snooker,Billiards / Snooker,yes,country_specific,,,GB|IE|US|FR|BE|NL|CN|TH,,AMB-gated. UK gentlemen's club tradition. World Snooker Championship Crucible. Asian growing (CN/TH professional).
sport_leisure,sport-petanque-bocce,Pétanque / Bocce / Jeu de Boules,Pétanque / Bocce / Boules,no,cluster_dependent,E4_MEDITERRANEAN_ARISTOCRATIC|E1_NW_EUROPE_ARISTOCRATIC,,FR|IT|MC|ES|BE|NL,,"Mediterranean leisure-culture. FR Provence pétanque, IT bocce (Northern + Southern variants), MC. Open social-tag (not elite-restricted)."
sport_leisure,sport-motorsport-vintage-car-racing,Klassiek autoraces,Vintage Car Racing,yes,cluster_dependent,E2_ANGLOSPHERE_OLD_MONEY|E1_NW_EUROPE_ARISTOCRATIC|E4_MEDITERRANEAN_ARISTOCRATIC,,GB|US|IT|FR|DE|MC|BE,,"AMB-gated. Goodwood Revival (GB), Mille Miglia (IT), Le Mans Classic (FR), Pebble Beach Concours (US), Villa d'Este (IT)."
sport_leisure,sport-motorsport-f1-patronage,F1 Patronage,F1 / Motorsport Patronage,yes,cluster_dependent,E2_ANGLOSPHERE_OLD_MONEY|E4_MEDITERRANEAN_ARISTOCRATIC|E5_GULF_ROYAL,,MC|GB|IT|AE|SA|QA|US|JP,,"AMB-gated. Monaco GP (MC signature), Silverstone, Monza, Abu Dhabi, Qatar. UHNW paddock culture."
sport_leisure,sport-aviation-gliding,Zweefvliegen,Gliding / Soaring,no,cluster_dependent,E1_NW_EUROPE_ARISTOCRATIC|E3_NORDIC_MONARCHIES,,DE|CH|AT|FR|NL|BE|SE|GB,,Continental European + Nordic gliding tradition. Lifestyle-niche.
sport_leisure,sport-aviation-ballooning,Heteluchtballonvaart,Hot Air Ballooning,no,country_specific,,,FR|US|GB|AE,,"FR Albuquerque festival US, Albuquerque Balloon Fiesta. AE desert-balloon tradition emerging."
sport_leisure,sport-camel-racing,Kamelenrennen,Camel Racing,yes,cluster_dependent,E5_GULF_ROYAL,,AE|SA|QA|OM|BH|KW,,AMB-gated. Gulf royal-patronage sport. Robot-jockey introduction; cultural-status. Crown Prince trophies.
sport_leisure,sport-pigeon-racing,Duivenmelken,Pigeon Racing,yes,cluster_dependent,E1_NW_EUROPE_ARISTOCRATIC|E7_EAST_ASIAN_CONFUCIAN,,BE|NL|GB|TW|CN|DE,,"AMB-gated. **BE worldwide capital** — Belgian breeding-genetics premium globally. Recent CN/TW UHNW interest. Werking-class historisch, niche-elite now."
sport_leisure,sport-field-hockey,Hockey (veld),Field Hockey,no,cluster_dependent,E1_NW_EUROPE_ARISTOCRATIC|E2_ANGLOSPHERE_OLD_MONEY|E9_SOUTH_ASIA,,NL|IN|BE|GB|DE|AU|AR|PK,,**NL national sport** (Olympic dominance). IN national status + Maharaja-era heritage. AU/PK strong. Anglo elite school tradition (boarding schools).
sport_leisure,sport-cricket,Cricket,Cricket,no,cluster_dependent,E2_ANGLOSPHERE_OLD_MONEY|E9_SOUTH_ASIA|E11_CARIBBEAN_ANGLO,,GB|IN|PK|BD|LK|AU|NZ|ZA|JM|TT|BB,,"Commonwealth + Indian subcontinent dominant. Lord's (GB), MCG (AU), Eden Gardens (IN). South Asia mass-religion-level passion."
sport_leisure,sport-rugby-union,Rugby Union,Rugby Union,no,cluster_dependent,E2_ANGLOSPHERE_OLD_MONEY|E1_NW_EUROPE_ARISTOCRATIC,,GB|IE|FR|NZ|AU|ZA|AR|IT|JP,,"Anglo + France elite-school tradition. NZ national status. Twickenham (GB), Stade de France."
sport_leisure,sport-lacrosse,Lacrosse,Lacrosse,no,country_specific,,,US|CA|GB|AU,,US Ivy League traditional. CA national summer sport. Growing AU/GB.
cuisines,cuisine-french-haute,Frans — Haute Cuisine,French Haute Cuisine,yes,cluster_dependent,E1_NW_EUROPE_ARISTOCRATIC|E4_MEDITERRANEAN_ARISTOCRATIC|E2_ANGLOSPHERE_OLD_MONEY,,FR|BE|CH|GB|US|JP,,AMB-gated. Escoffier-Bocuse tradition: Michelin 3-star context. Paris+Lyon+Provincial grand restaurants.
cuisines,cuisine-french-provencal,Frans — Provençaals,French Provençal,no,country_specific,,,FR|MC|IT,,Mediterranean Southern French (Nice/Marseille/Aix-en-Provence). Open tag.
cuisines,cuisine-french-lyonnaise,Frans — Lyonnais (Bouchon),French Lyonnaise / Bouchon,no,country_specific,,,FR,,"Lyon-specific bistro-tradition: charcuterie, quenelles, andouillette."
cuisines,cuisine-french-burgundian,Frans — Bourgondisch,French Burgundian,no,country_specific,,,FR|BE,,"Burgundy region: coq au vin, boeuf bourguignon, escargot. Wine pairing tradition."
cuisines,cuisine-french-alsatian,Frans — Elzas,French Alsatian,no,country_specific,,,FR|DE|CH,,"Franco-German Alsace: choucroute, tarte flambée, kougelhopf."
cuisines,cuisine-french-basque,Frans — Baskisch,French Basque,no,country_specific,,,FR|ES,,Saint-Jean-de-Luz + Biarritz coastal-Basque. Cross-border Spanish-Basque continuity.
cuisines,cuisine-italian-northern,Italiaans — Noord (Lombardia/Piemonte/Veneto),Italian Northern,no,cluster_dependent,E1_NW_EUROPE_ARISTOCRATIC|E4_MEDITERRANEAN_ARISTOCRATIC,,IT|CH|AT|FR,,"Rich/buttery Northern: risotto, ossobuco, polenta, white truffle (Alba), Barolo/Barbaresco wines."
cuisines,cuisine-italian-central,Italiaans — Centraal (Toscaans/Romeins),Italian Central,no,country_specific,,,IT|VA,,"Tuscan + Roman: bistecca alla Fiorentina, carbonara, cacio e pepe, Chianti."
cuisines,cuisine-italian-southern,Italiaans — Zuid (Napels/Apulië),Italian Southern,no,country_specific,,,IT,,"Neapolitan/Pugliese: pizza Napoletana origin, orecchiette, mozzarella di bufala."
cuisines,cuisine-italian-sicilian,Italiaans — Siciliaans,Italian Sicilian,no,country_specific,,,IT|MT,,"Sicilian: arancini, caponata, cannoli, Marsala wine. Maltese overlap."
cuisines,cuisine-chinese-cantonese,Chinees — Kantonees,Chinese Cantonese,no,country_specific,,,CN|HK|SG|MO|MY,,"Cantonese (Yue): dim sum, char siu, roast goose. HK refinement-tradition."
cuisines,cuisine-chinese-sichuan,Chinees — Sichuan,Chinese Sichuan,no,country_specific,,,CN,,"Sichuan: mala (numbing-spicy), hot pot, mapo tofu, kung pao."
cuisines,cuisine-chinese-shanghainese,Chinees — Shanghai (Jiangsu),Chinese Shanghainese,no,country_specific,,,CN,,"Shanghainese/Jiangsu: xiaolongbao, hairy crab, drunken chicken, sweet-savory balance."
cuisines,cuisine-chinese-imperial-beijing,Chinees — Imperiale (Peking),Chinese Imperial / Beijing,yes,country_specific,,,CN,,"AMB-gated. Beijing imperial cuisine: Peking duck, court-style banquets, Forbidden City-tradition."
cuisines,cuisine-japanese-kaiseki,Japans — Kaiseki,Japanese Kaiseki,yes,country_specific,,,JP,,AMB-gated. Kyoto-origin multi-course haute cuisine. Tea ceremony adjacency. Highest formal.
cuisines,cuisine-japanese-sushi,Japans — Sushi,Japanese Sushi,no,universal,,,,,Universal — sushi globally. JP-origin omakase tradition.
cuisines,cuisine-japanese-kappo,Japans — Kappō,Japanese Kappō,yes,country_specific,,,JP,,AMB-gated. Counter-cuisine: chef-prepared at counter. More casual than kaiseki.
cuisines,cuisine-japanese-teppanyaki,Japans — Teppanyaki,Japanese Teppanyaki,no,universal,,,,,Universal modern. Iron-griddle: Kobe/Wagyu context.
cuisines,cuisine-indian-mughlai,Indiaas — Mughlai (Noord),Indian Mughlai,no,cluster_dependent,E9_SOUTH_ASIA,,IN|PK|BD,,"Persian-influenced Mughal courts: biryani, kebabs, rich kormas. Lucknow-Delhi-Hyderabad."
cuisines,cuisine-indian-south,Indiaas — Zuid (Tamil/Kerala/Andhra),Indian South,no,country_specific,,,IN|LK,,"South Indian: dosa, idli, vegetable thali, coconut-tamarind. Distinct from Northern tradition."
cuisines,cuisine-indian-bengali,Indiaas — Bengaals,Indian Bengali,no,country_specific,,,IN|BD,,"Bengali: fish-rice-mustard, mishti (sweets), refined Brahmin tradition. WB+BD cross-border."
cuisines,cuisine-indian-goan,Indiaas — Goaans,Indian Goan,no,country_specific,,,IN|PT,,"Portuguese-Indian hybrid: vindaloo, sorpotel, bebinca. Catholic-Hindu culinary fusion."
cuisines,cuisine-belgian,Belgisch,Belgian,no,country_specific,,,BE,,"Belgian fine gastronomy (Comme Chez Soi, Hof van Cleve tradition) + Trappist beers + chocolate culture + Flemish-Walloon split."
cuisines,cuisine-british,Brits / Engels,British,no,country_specific,,,GB|IE,,"Sunday roast tradition + modern British (St. John, The Fat Duck era) + pub-classics."
cuisines,cuisine-spanish-catalan,Spaans — Catalaans,Spanish Catalan,no,country_specific,,,ES|AD,,"Catalan modernism (Adrià-era El Bulli legacy) + traditional (pa amb tomàquet, cocido, suquet)."
cuisines,cuisine-spanish-basque,Spaans — Baskisch,Spanish Basque,yes,country_specific,,,ES|FR,,AMB-gated. San Sebastián 3-star concentration. Pintxos + asadores + Arzak/Berasategui/Martín.
cuisines,cuisine-spanish-andalusian,Spaans — Andalusisch,Spanish Andalusian,no,country_specific,,,ES,,"Andalusian: gazpacho, jamón ibérico (Jabugo/Guijuelo), sherry tradition."
cuisines,cuisine-greek,Grieks,Greek,no,country_specific,,,GR|CY,,"Greek: souvlaki, moussaka, retsina + ouzo. Cypriot-Greek overlap."
cuisines,cuisine-portuguese,Portugees,Portuguese,no,country_specific,,,PT|BR|MO,,"Portuguese: bacalhau, francesinha, pastel de nata, port wine. Cross-border Brazilian + Macau influence."
cuisines,cuisine-korean,Koreaans,Korean,no,country_specific,,,KR|JP|US,,K-cuisine: Korean royal court cuisine + BBQ + banchan + fermentation (kimchi/jang). KP variant exists but limited.
cuisines,cuisine-thai-royal,Thais — Royal,Thai Royal,yes,country_specific,,,TH,,AMB-gated. Royal Thai cuisine: refined court-tradition. Distinct from street Thai.
cuisines,cuisine-thai-street-regional,Thais — Straat & Regionaal,Thai Street & Regional,no,country_specific,,,TH,,"Street Thai + regional variants (Isaan, Northern Lanna, Southern). Open tag."
cuisines,cuisine-vietnamese,Vietnamees,Vietnamese,no,country_specific,,,VN|FR|US,,"Vietnamese: pho, banh mi, fresh-herb tradition. French colonial-influence."
cuisines,cuisine-peruvian,Peruaans,Peruvian,no,country_specific,,,PE,,"Peruvian: ceviche, lomo saltado, Nikkei (Japanese-Peruvian fusion), Chifa (Chinese-Peruvian fusion), Andean. Lima top-5 fine dining globally (Central, Maido, Astrid y Gastón)."
cuisines,cuisine-argentinian,Argentijns,Argentinian,no,country_specific,,,AR|UY,,"Argentinian: asado/parrilla (beef culture), Italian-influence (pasta, pizza), Malbec wine. Uruguay shared."
cuisines,cuisine-brazilian,Braziliaans,Brazilian,no,country_specific,,,BR,,"Brazilian regional: Bahian (Afro-Bantu+Portuguese), Amazonian, Southern churrasco. São Paulo modernist (D.O.M.)."
cuisines,cuisine-russian,Russisch / Imperiaal,Russian / Imperial,no,country_specific,,,RU,,"Russian Imperial cuisine: caviar service, blini, beef Stroganoff, pelmeni, kulebyaka."
cuisines,cuisine-levantine,Levantijns (Libanees/Syrisch),Levantine,no,cluster_dependent,E6_LEVANT_MAGHREB,,LB|SY|JO|IL|PS|EG,,"Levantine: mezze tradition (hummus, baba ghanoush, tabbouleh), grilled meats, baklava. Distinct from Turkish."
cuisines,cuisine-moroccan,Marokkaans / Maghrebi,Moroccan / Maghrebi,no,cluster_dependent,E6_LEVANT_MAGHREB,,MA|DZ|TN|LY|FR,,"Royal Moroccan: tagine, couscous, pastilla, mint tea ritual. French diaspora context."
cuisines,cuisine-turkish,Turks,Turkish,no,country_specific,,,TR|CY,,"Ottoman-Imperial heritage: meze, kebab, lokum, Turkish coffee. Distinct from Levantine."
cuisines,cuisine-mexican,Mexicaans (authentiek),Mexican (authentic),no,country_specific,,,MX,,"Authentic Mexican (UNESCO heritage): mole, nixtamal corn tradition, regional (Oaxacan, Yucatecan, Pueblan). Distinct from Tex-Mex."
cuisines,cuisine-austrian-wienerische,Oostenrijks — Wiens,Austrian Wienerische,no,country_specific,,,AT,,"Wienerische cuisine: Wiener Schnitzel, Tafelspitz, Sachertorte, Apfelstrudel. Imperial Habsburg heritage."
cuisines,cuisine-swiss,Zwitsers,Swiss,no,country_specific,,,CH,,"Swiss: cheese fondue, raclette, rösti, dried meat (Bündnerfleisch). Geneva fine-dining (Le Floris, Domaine de Châteauvieux)."
cuisines,cuisine-german,Duits,German,no,country_specific,,,DE,,"German regional: Schweinshaxe, Currywurst, Bratwurst, Maultaschen, Frankfurter. Beer culture central."
cuisines,cuisine-scandinavian-nordic,Scandinavisch / Nordic,Scandinavian / Nordic,no,cluster_dependent,E3_NORDIC_MONARCHIES,,DK|SE|NO|FI|IS,,"New Nordic (Noma legacy): foraging, fermentation, hyperlocal. Traditional: smörgåsbord, gravlax."
cuisines,cuisine-ethiopian,Ethiopisch,Ethiopian,no,country_specific,,,ET|ER,,"Ethiopian-Eritrean: injera (teff sourdough), wat (stews), berbere spice. Communal eating tradition."
cuisines,cuisine-mediterranean-general,Mediterraan (algemeen),Mediterranean (general),no,cluster_dependent,E4_MEDITERRANEAN_ARISTOCRATIC,,,,Cross-country Mediterranean concept (olive oil-fish-vegetable). Use specific country-cuisines instead when relevant.
culinary_techniques,technique-wine-sommellerie,Wijn & Sommellerie,Wine & Sommellerie,yes,cluster_dependent,E1_NW_EUROPE_ARISTOCRATIC|E4_MEDITERRANEAN_ARISTOCRATIC|E2_ANGLOSPHERE_OLD_MONEY,,FR|IT|ES|PT|DE|AT|GB|US|AR|CL|CH|BE,,AMB-gated. Formal wine-pairing knowledge + tasting + cellar. Bordeaux/Burgundy/Champagne/Tuscany/Rioja primary.
culinary_techniques,technique-fine-dining-michelin,Fine Dining (Michelin),Fine Dining (Michelin),yes,universal,,,,,AMB-gated. Michelin-star culture. Universal in elite-cuisine cities globally.
culinary_techniques,technique-tea-ceremony-japanese,Theeceremonie — Japans (Cha-no-yu),Japanese Tea Ceremony (Cha-no-yu),no,country_specific,,,JP,,Japanese chanoyu ritual. Senchadō / matcha tradition. Kyoto-centric tea schools.
culinary_techniques,technique-tea-ceremony-chinese,Theeceremonie — Chinees (Gongfu),Chinese Tea Ceremony (Gongfu),no,country_specific,,,CN|HK|TW|MO,,Chinese gongfu cha + chaozhou tea tradition. Cross-cultural HK/TW.
culinary_techniques,technique-tea-british-afternoon,Theeceremonie — Britse Afternoon Tea,British Afternoon Tea,no,country_specific,,,GB|IE,,"British afternoon tea: Earl Grey, Darjeeling. Ritz/Claridge's/Browns tradition."
culinary_techniques,technique-tea-moroccan-mint,Theeceremonie — Marokkaans (Munt),Moroccan Mint Tea,no,country_specific,,,MA|DZ|TN,,Moroccan green-tea-mint ritual. Hospitality-centerpiece. Pouring height tradition.
culinary_techniques,technique-champagne-appreciation,Champagne-appreciatie,Champagne Appreciation,yes,cluster_dependent,E1_NW_EUROPE_ARISTOCRATIC|E2_ANGLOSPHERE_OLD_MONEY,,FR|GB|US|BE|CH|NL|RU,,"AMB-gated. Maisons (Krug, Bollinger, Dom Pérignon, Cristal) + vintage knowledge. Reims-Épernay region."
culinary_techniques,technique-haute-patisserie,Haute Patisserie,Haute Pâtisserie,no,cluster_dependent,E1_NW_EUROPE_ARISTOCRATIC|E7_EAST_ASIAN_CONFUCIAN,,FR|AT|BE|JP|IT,,"FR-AT high pastry: Pierre Hermé, Cédric Grolet, Sacher. JP refinement (Hidemi Sugino)."
culinary_techniques,technique-charcuterie-fromagerie,Charcuterie & Fromagerie,Charcuterie & Fromagerie,no,cluster_dependent,E1_NW_EUROPE_ARISTOCRATIC|E4_MEDITERRANEAN_ARISTOCRATIC,,FR|IT|ES|CH|DE|AT|BE|NL,,"Cured-meat + cheese tradition. Iberico (ES), prosciutto (IT), saucisson (FR), gruyère/comté (CH/FR)."
culinary_techniques,technique-caviar-service,Caviar Service,Caviar Service,yes,country_specific,,,RU|IR|FR|US|GB|MC,,"AMB-gated. Russian-Iranian Caspian origin. Service ritual: mother-of-pearl spoons, blinis. Anglo-French elite-restaurant context."
culinary_techniques,technique-truffle-cuisine,Truffel-cuisine,Truffle Cuisine,yes,country_specific,,,IT|FR|ES|HR,,"AMB-gated. White truffle (Alba/Piedmont IT), Black truffle (Périgord FR + Castelluccio IT + Istria HR). Seasonal hunting."
culinary_techniques,technique-molecular-gastronomy,Moleculaire Gastronomie,Molecular Gastronomy,no,cluster_dependent,E1_NW_EUROPE_ARISTOCRATIC|E3_NORDIC_MONARCHIES|E4_MEDITERRANEAN_ARISTOCRATIC,,ES|DK|GB|US|CH|FR,,"Modernist cuisine: Adrià/El Bulli legacy (ES), Noma (DK), Heston Blumenthal (GB), Wylie Dufresne (US)."
culinary_techniques,technique-nouvelle-cuisine,Nouvelle Cuisine,Nouvelle Cuisine,no,country_specific,,,FR|BE|CH|JP,,"Originated FR 1970s: Bocuse-Troisgros tradition. Lighter, presentation-focus. JP integration."
culinary_techniques,technique-farm-to-table,Farm-to-Table / Locavore,Farm-to-Table / Locavore,no,cluster_dependent,E2_ANGLOSPHERE_OLD_MONEY|E1_NW_EUROPE_ARISTOCRATIC|E3_NORDIC_MONARCHIES,,US|GB|FR|DK|SE|NO|IT|BE,,"Modern sustainable-locavore movement. Chez Panisse (US), Stone Barns, Noma (DK)."
culinary_techniques,technique-slow-food,Slow Food,Slow Food Movement,no,cluster_dependent,E4_MEDITERRANEAN_ARISTOCRATIC|E1_NW_EUROPE_ARISTOCRATIC,,IT|FR|ES|BE|CH|AT,,"Italian-origin movement (Petrini, 1986): biodiversity, regional traditions, anti-fast-food. Bra (Piedmont) HQ."
culinary_techniques,technique-gastronomy-general,Gastronomie (concept),Gastronomy (general concept),no,universal,,,,,Universal high-cuisine appreciation. Cultural-context-cross.
beverages,beverage-beer-culture,Biercultuur (algemeen),Beer Culture (general),no,universal,,,,,General beer appreciation. Cross-cultural baseline.
beverages,beverage-craft-beer,Ambachtelijk bier (Craft),Craft Beer,no,universal,,,,,Modern craft-brewing movement. Universal.
beverages,beverage-belgian-trappist-lambic,Belgisch Trappist & Lambic,Belgian Trappist & Lambic,yes,country_specific,,,BE|NL|AT,,AMB-gated. **BE elite-knowledge essentieel** — 11 erkende Trappist-abdijen wereldwijd waarvan 6 in BE. Lambic/Geuze unique to Pajottenland BE. NL La Trappe + AT Engelszell.
beverages,beverage-german-beer,Duits bier (Reinheitsgebot),German Beer (Reinheitsgebot),no,country_specific,,,DE|AT|CZ,,"Bavarian Reinheitsgebot 1516-tradition. Pils, Hefeweizen, Märzen. Oktoberfest culture."
beverages,beverage-british-ale,Brits Ale (Real Ale),British Real Ale,no,country_specific,,,GB|IE,,"CAMRA tradition: cask-conditioned bitter, IPA-origin, stout (Guinness). Irish overlap."
beverages,beverage-wine-appreciation,Wijn-appreciatie,Wine Appreciation,no,cluster_dependent,E1_NW_EUROPE_ARISTOCRATIC|E4_MEDITERRANEAN_ARISTOCRATIC|E2_ANGLOSPHERE_OLD_MONEY,,FR|IT|ES|PT|DE|AT|US|AR|CL|AU|NZ|ZA|BE,,Consumer-appreciation (≠ formal sommellerie). Bordeaux/Burgundy/Napa/Tuscany/Rioja regions.
beverages,beverage-port-sherry,Port & Sherry (Versterkte wijnen),Port & Sherry (Fortified Wines),yes,country_specific,,,PT|ES|GB,,AMB-gated. Porto vintage + tawny tradition (PT). Jerez sherry: fino/manzanilla/oloroso (ES). British Old-Money tradition of port-after-dinner.
beverages,beverage-vermouth-aperitivo,Vermouth & Aperitivo,Vermouth & Aperitivo,no,cluster_dependent,E4_MEDITERRANEAN_ARISTOCRATIC,,IT|FR|ES,,"Italian aperitivo tradition: Campari, Negroni, Aperol Spritz. Cinzano/Carpano vermouth. French Lillet/Noilly Prat."
beverages,beverage-whisky-scotch,Whisky — Schots (Scotch),Whisky — Scotch,yes,country_specific,,,GB|JP|US,,"AMB-gated. Single malt regions: Speyside, Islay, Highland, Lowland, Campbeltown. Macallan/Ardbeg/Lagavulin. JP appreciation strong."
beverages,beverage-whisky-japanese,Whisky — Japans,Whisky — Japanese,yes,country_specific,,,JP,,"AMB-gated. Yamazaki, Hibiki, Hakushu. Modern global-acclaim post-2003."
beverages,beverage-whisky-bourbon,Whisky — Bourbon (US),Whisky — Bourbon,no,country_specific,,,US|CA,,"American Kentucky-bourbon: Buffalo Trace, Pappy Van Winkle. Tennessee whiskey (Jack Daniel's). Rye-revival."
beverages,beverage-cognac-armagnac,Cognac & Armagnac,Cognac & Armagnac,yes,country_specific,,,FR,,"AMB-gated. FR-protected: Cognac (Grande Champagne, Petite Champagne), Armagnac (Gers). Houses: Hennessy, Rémy Martin, Hine."
beverages,beverage-calvados,Calvados (Normandische apple),Calvados (Norman Apple),no,country_specific,,,FR,,Norman apple/pear eau-de-vie. Calvados Pays d'Auge premium. Pommeau de Normandie.
beverages,beverage-gin,Gin,Gin,no,cluster_dependent,E2_ANGLOSPHERE_OLD_MONEY|E1_NW_EUROPE_ARISTOCRATIC,,GB|NL|BE|ES|DE,,"British juniper-tradition (Beefeater, Tanqueray) + Dutch genever-origin + Spanish gin-tonic culture (highest per-capita)."
beverages,beverage-tequila-mezcal,Tequila & Mezcal,Tequila & Mezcal,no,country_specific,,,MX|US,,"Mexican blue agave: Tequila (Jalisco DO), Mezcal (Oaxaca tradition, smokier). UHNW premium-aged."
beverages,beverage-rum,Rum,Rum,no,cluster_dependent,E11_CARIBBEAN_ANGLO|E10_LATIN_AMERICA_CRIOLLO,,JM|CU|DO|TT|MQ|BB|MX|VE,,"Caribbean cane spirits: Jamaican (Appleton), Cuban (Havana Club), Dominican, Martinican rhum agricole. Premium aged."
beverages,beverage-sake,Sake,Sake,no,country_specific,,,JP,,"Japanese rice wine: junmai, ginjo, daiginjo. Toji master-brewers. Niigata-Kyoto-Hyogo regions."
beverages,beverage-pastis-ouzo-raki-arak,Pastis / Ouzo / Raki / Arak,Pastis / Ouzo / Raki / Arak,no,cluster_dependent,E4_MEDITERRANEAN_ARISTOCRATIC|E6_LEVANT_MAGHREB,,FR|GR|TR|LB|SY,,"Anise-flavored Mediterranean: FR pastis (Ricard/51), GR ouzo, TR rakı, Levantine arak. Mezze tradition pairing."
beverages,beverage-eaux-de-vie,Eaux-de-vie / Distillaten,Eaux-de-vie / Fruit Spirits,no,cluster_dependent,E1_NW_EUROPE_ARISTOCRATIC,,FR|IT|CH|AT|DE,,"Clear fruit-spirits: Kirsch (CH/FR), Mirabelle/Quetsche (FR/DE), Grappa (IT), Williams pear (CH)."
beverages,beverage-coffee-culture-italian,Koffie — Italiaanse espresso,Italian Espresso Culture,no,country_specific,,,IT|FR,,Espresso/macchiato/cappuccino tradition. Standing-bar culture. Lavazza/Illy/Caffè Florian.
beverages,beverage-coffee-specialty-third-wave,Koffie — Specialty / Third-wave,Specialty / Third-wave Coffee,no,cluster_dependent,E2_ANGLOSPHERE_OLD_MONEY|E1_NW_EUROPE_ARISTOCRATIC|E3_NORDIC_MONARCHIES,,US|GB|AU|NO|SE|DK|NL|BE,,"Single-origin, pour-over, micro-roastery culture. Blue Bottle, Stumptown, Tim Wendelboe."
beverages,beverage-coffee-arabic-gahwa,Koffie — Arabische Gahwa (kardemom),Arabic Gahwa (Cardamom),no,cluster_dependent,E5_GULF_ROYAL|E6_LEVANT_MAGHREB,,SA|AE|QA|KW|BH|OM|YE|JO|LB|SY,,"**Gulf hospitality centerpiece** — cardamom-infused light-roast coffee, dallah pot, finjan cups. UNESCO ICH. Bedouin hosting tradition. (Gap uit Iter 5 nu gedicht.)"
beverages,beverage-cocktail-culture,Cocktailcultuur (modern),Cocktail Culture (modern),no,universal,,,,,Modern craft-cocktail movement. Universal — speakeasy revival cities.
beverages,beverage-cocktail-classics,Cocktail — Klassiekers,Cocktail Classics (Pre-Prohibition),yes,cluster_dependent,E2_ANGLOSPHERE_OLD_MONEY|E1_NW_EUROPE_ARISTOCRATIC,,US|GB|FR|IT|CU,,"AMB-gated. Pre-Prohibition + golden-age cocktails: Manhattan, Sazerac, Negroni, Old Fashioned, Daiquiri (Cuban-origin)."
foods,food-cheese-culture,Kaascultuur,Cheese Culture,no,cluster_dependent,E1_NW_EUROPE_ARISTOCRATIC|E4_MEDITERRANEAN_ARISTOCRATIC,,FR|IT|CH|NL|BE|GB|ES,,"AOP/DOP cheese tradition. FR (Roquefort, Camembert, Comté), CH (Gruyère, Emmental), IT (Parmigiano, Pecorino), NL (Gouda artisanal)."
foods,food-chocolate-culture,Chocoladecultuur,Chocolate Culture,no,country_specific,,,BE|CH|FR|IT|ES,,"**BE world-leader** in chocolade-craft (Pierre Marcolini, Neuhaus, Godiva, Mary). CH (Lindt, Sprüngli, Teuscher). FR (Bonnat, Pralus). Italian Modica."
foods,food-charcuterie,Charcuterie (gedroogde vleeswaren),Charcuterie,no,cluster_dependent,E1_NW_EUROPE_ARISTOCRATIC|E4_MEDITERRANEAN_ARISTOCRATIC,,FR|IT|ES|DE|AT|CH|HU,,"Cured-meat tradition consumer-side. IT (prosciutto Parma/San Daniele, culatello), ES (jamón Ibérico/Serrano), FR (saucisson, jambon de Bayonne)."
foods,food-caviar-sturgeon,Caviar & Sturgeon,Caviar & Sturgeon,yes,country_specific,,,RU|IR|FR|US|GB,,"AMB-gated. Caspian Beluga/Osetra/Sevruga. Iranian + Russian historic origin. Modern farmed (FR Sturia, US Sterling)."
foods,food-truffles,Truffels,Truffles,yes,country_specific,,,IT|FR|ES|HR|US,,"AMB-gated. White (IT Alba/Acqualagna — November-December), Black (FR Périgord/Provence + IT Norcia/Spoleto — winter, Italian summer). Sotheby-Christie's auction-prices."
foods,food-foie-gras,Foie Gras (gevoelig),Foie Gras (sensitive),yes,country_specific,,,FR|HU|BE|ES,,"AMB-gated. **Ethisch-gevoelig**: FR-protected tradition (gavage), banned in some jurisdictions (CA-CA, India). HU large producer. Cortéa: surface only in cultural-elite context with ethical-awareness."
foods,food-game-meat-wildbraad,Wildbraad / Game Meat,Game Meat / Wildbraad,yes,cluster_dependent,E1_NW_EUROPE_ARISTOCRATIC|E2_ANGLOSPHERE_OLD_MONEY,,GB|FR|DE|AT|BE|IT|ES|NZ|US,,"AMB-gated. Hunting-season cuisine: pheasant, partridge, woodcock, venison, hare. Country-estate tradition. NZ/US wild boar."
foods,food-seafood-crustacea,Schaal- en Schelpdieren (Plateau de fruits de mer),Seafood & Crustacea (Plateau),no,cluster_dependent,E1_NW_EUROPE_ARISTOCRATIC|E4_MEDITERRANEAN_ARISTOCRATIC|E2_ANGLOSPHERE_OLD_MONEY,,FR|BE|NL|ES|PT|IT|GR|GB|US|JP,,"Oyster culture (FR Cancale/Marennes, BE Zeebrugge, GB Whitstable), lobster (US Maine), Mediterranean prawns, Japanese uni."
foods,food-haute-patisserie-desserts,Patisserie & Desserts (consumer),Patisserie & Desserts (consumer),no,cluster_dependent,E1_NW_EUROPE_ARISTOCRATIC,,FR|AT|BE|IT|JP,,"Consumer-appreciation: Sachertorte (AT), tarte tatin (FR), Mille-feuille, gelato (IT), wagashi (JP)."
foods,food-bakery-bread,Brood & Bakkerij,Bakery & Bread,no,cluster_dependent,E1_NW_EUROPE_ARISTOCRATIC|E4_MEDITERRANEAN_ARISTOCRATIC,,FR|IT|DE|AT|BE|ES,,"Artisanal bread: FR baguette tradition, IT focaccia/pane, DE Vollkornbrot, Vienna pastry-origin. Sourdough revival global."
foods,food-olive-oil,Olijfolie,Olive Oil,no,cluster_dependent,E4_MEDITERRANEAN_ARISTOCRATIC|E6_LEVANT_MAGHREB,,IT|ES|GR|PT|FR|TN|MA|LB|SY|TR,,"Mediterranean liquid-gold. DOP/PDO single-estate (Tuscany, Andalusia, Crete, Provence). Levantine + Maghrebi traditions strong."
foods,food-saffron-spices,Saffraan & Specerijen (premium),Saffron & Premium Spices,yes,country_specific,,,IR|ES|IN|MA|GR,,"AMB-gated. Iranian/Spanish/Kashmir saffron + premium spices (vanilla Madagascar, cardamom). Highest-price-per-gram food."
foods,food-bbq-asado-grill,BBQ / Asado / Grill,BBQ / Asado / Grill,no,cluster_dependent,E10_LATIN_AMERICA_CRIOLLO|E2_ANGLOSPHERE_OLD_MONEY,,AR|UY|BR|US|ZA|AU|KR|JP,,"Argentine asado/parrilla, American BBQ regional (Texas/Carolina/Kansas), South African braai, Korean BBQ, Japanese yakiniku."
foods,food-sushi-sashimi-raw,Sushi & Sashimi (raw fish),Sushi & Sashimi,no,universal,,,,,Universal modern. JP-origin omakase. Sustainable-fish concerns increasing.
foods,food-honey-culture,Honingcultuur,Honey Culture,no,cluster_dependent,E4_MEDITERRANEAN_ARISTOCRATIC|E14_VATICAN_RELIGIOUS,,GR|IT|FR|ES|TR|YE,,"Single-origin honey: GR Crete thyme, FR lavender, IT chestnut, Yemeni Sidr (highest-price). Mediterranean tradition."
food_philosophy,food-phil-home-cooking,Thuiskoken,Home Cooking,no,universal,,,,,Universal — home-cooking as lifestyle choice (vs delivery/restaurant).
food_philosophy,food-phil-organic-local,Biologisch & Lokaal,Organic & Local,no,cluster_dependent,E1_NW_EUROPE_ARISTOCRATIC|E2_ANGLOSPHERE_OLD_MONEY|E3_NORDIC_MONARCHIES,,DE|AT|CH|US|GB|FR|BE|NL|SE|DK|NO,,Sustainable-food movement. Strongest in NW Europe + Anglo + Nordic conscious-consumer.
food_philosophy,food-phil-farmers-market,Boerenmarkt-cultuur,Farmers Market Culture,no,universal,,,,,Universal modern: weekly markt-shopping ritual. Mid-class to elite.
food_philosophy,food-phil-world-cuisine-curiosity,Wereldkeuken-nieuwsgierigheid,World Cuisine Curiosity,no,universal,,,,,Universal — appreciation across cuisines. Cosmopolitan-elite + traveling mid-class.
food_philosophy,food-phil-restaurant-culture,Restaurantcultuur,Restaurant Culture,no,universal,,,,,Universal — going-out culture vs home-meals.
food_philosophy,food-phil-food-travel,Voedselreizen,Food Travel,no,universal,,,,,"Universal — destination-restaurants, food-tourism. Michelin tours, regional culinary trips."
food_philosophy,food-phil-plant-based-vegan,Plant-based & Veganistisch,Plant-based & Vegan,no,cluster_dependent,E2_ANGLOSPHERE_OLD_MONEY|E1_NW_EUROPE_ARISTOCRATIC|E3_NORDIC_MONARCHIES,,US|GB|DE|AT|CH|SE|DK|NO|BE|NL|IL,,Modern plant-based movement strongest in Anglo + NW Europe + Nordic + IL (Tel Aviv vegan-capital).
food_philosophy,food-phil-vegetarian,Vegetarisch (traditioneel),Vegetarian (traditional),no,cluster_dependent,E9_SOUTH_ASIA,,IN|NP|BD|LK,,South Asian traditional vegetarianism (Hindu/Jain/Buddhist). 30-40% IN vegetarian. Cultural-religious depth.
food_philosophy,food-phil-pescatarian,Pescatarisch,Pescatarian,no,universal,,,,,Universal modern — fish-only no meat.
food_philosophy,food-phil-mediterranean-diet,Mediterraan dieet,Mediterranean Diet,no,cluster_dependent,E4_MEDITERRANEAN_ARISTOCRATIC,,IT|GR|ES|PT|FR|CY|MA|TN,,UNESCO Intangible Heritage. Olive oil-fish-vegetable-grain pattern. Health-context globally adopted.
food_philosophy,food-phil-religious-dietary,Religieus dieet (Kosher/Halal/Hindu),Religious Dietary (Kosher/Halal/Hindu),no,cluster_dependent,E5_GULF_ROYAL|E6_LEVANT_MAGHREB|E9_SOUTH_ASIA|E14_VATICAN_RELIGIOUS,,IL|SA|AE|QA|KW|IN|PK|BD|MA|EG|JO,,"Kosher (IL + diaspora), Halal (Muslim countries), Hindu vegetarian, Jain strict. Religious-dietary discipline."
food_philosophy,food-phil-slow-food,Slow Food (lifestyle),Slow Food (lifestyle),no,cluster_dependent,E4_MEDITERRANEAN_ARISTOCRATIC|E1_NW_EUROPE_ARISTOCRATIC,,IT|FR|ES|BE|CH|AT,,Slow food als lifestyle (vs technique). IT-origin movement adopted in Continental Europe.
cultural_interests,cultural-music-classical,Klassieke muziek,Classical Music,no,cluster_dependent,E1_NW_EUROPE_ARISTOCRATIC|E2_ANGLOSPHERE_OLD_MONEY|E4_MEDITERRANEAN_ARISTOCRATIC|E13_CEE_POST_SOVIET|E3_NORDIC_MONARCHIES,,AT|DE|GB|FR|IT|RU|US|JP|CZ|HU|PL|NL|BE|CH,,"Continental + Anglo + post-Soviet tradition. Wiener Philharmoniker, Berliner Phil, Concertgebouw, La Scala, Bayreuth."
cultural_interests,cultural-music-opera,Opera,Opera,yes,cluster_dependent,E1_NW_EUROPE_ARISTOCRATIC|E4_MEDITERRANEAN_ARISTOCRATIC|E13_CEE_POST_SOVIET,,IT|AT|FR|DE|GB|RU|US|CZ|HU,,"AMB-gated. IT origin (La Scala, La Fenice, San Carlo), AT Wienerische, FR Garnier/Bastille, GB ROH, RU Bolshoi/Mariinsky, US Met."
cultural_interests,cultural-music-jazz,Jazzmuziek,Jazz Music,no,cluster_dependent,E2_ANGLOSPHERE_OLD_MONEY|E1_NW_EUROPE_ARISTOCRATIC,,US|FR|GB|NL|BE|DE|JP,,"US-origin (New Orleans/Chicago/NY). Strong European jazz: FR Paris, NL North Sea Jazz, BE Brussels. JP refined-appreciation."
cultural_interests,cultural-music-world,Wereldmuziek,World Music,no,universal,,,,,"Universal — cross-cultural music appreciation. Festival-circuit (WOMAD, Roskilde)."
cultural_interests,cultural-music-electronic,Elektronische muziek,Electronic Music,no,cluster_dependent,E1_NW_EUROPE_ARISTOCRATIC|E2_ANGLOSPHERE_OLD_MONEY|E3_NORDIC_MONARCHIES,,DE|NL|BE|GB|US|IT|ES|FR,,"Berlin techno-capital, NL Amsterdam Dance Event, BE Tomorrowland, GB underground-scene. Younger-elite + UHNW DJ-patronage."
cultural_interests,cultural-music-hip-hop,Hip-Hop / Rap,Hip-Hop / Rap,no,cluster_dependent,E2_ANGLOSPHERE_OLD_MONEY,,US|FR|GB|DE|KR|JP,,US-origin. FR rap second-largest. KR-pop crossover (BTS-era). Younger-elite cross-cultural fluency.
cultural_interests,cultural-music-religious-sacred,Religieuze & Sacrale muziek,Religious / Sacred Music,no,cluster_dependent,E14_VATICAN_RELIGIOUS|E5_GULF_ROYAL|E9_SOUTH_ASIA,,VA|IT|GB|GR|RU|SA|IR|PK|IN|ET,,"Gregoriaans (VA Catholic), Byzantijnse koor (Orthodox), Qawwali Sufi (Pakistan/India), Quran recitation (Gulf), Hindu bhajan, Ethiopian Christian liturgical."
cultural_interests,cultural-music-folk-traditional,Volksmuziek & Traditioneel,Folk & Traditional Music,no,universal,,,,,Universal — local/regional folk traditions. Country-specific tradition-depth varies.
cultural_interests,cultural-art-contemporary,Hedendaagse kunst,Contemporary Art,yes,cluster_dependent,E1_NW_EUROPE_ARISTOCRATIC|E2_ANGLOSPHERE_OLD_MONEY|E5_GULF_ROYAL|E7_EAST_ASIAN_CONFUCIAN,,GB|US|FR|DE|CH|IT|AE|HK|JP|KR,,"AMB-gated. Art market: Art Basel (CH/HK/Miami), Frieze (GB/US), Maastricht TEFAF. AE Sharjah Biennial. HK/AE rising buyer-bases."
cultural_interests,cultural-art-old-masters,Oude Meesters (Schilderkunst klassiek),Old Masters Painting,yes,cluster_dependent,E1_NW_EUROPE_ARISTOCRATIC|E4_MEDITERRANEAN_ARISTOCRATIC|E2_ANGLOSPHERE_OLD_MONEY,,IT|NL|BE|ES|FR|GB|AT|DE|US|RU,,"AMB-gated. Italian Renaissance, Dutch Golden Age (Rembrandt/Vermeer), Flemish (Van Eyck/Rubens), Spanish (Velázquez/Goya), French Classical. Connoisseurship + collecting tradition."
cultural_interests,cultural-art-sculpture,Beeldhouwkunst,Sculpture,no,cluster_dependent,E1_NW_EUROPE_ARISTOCRATIC|E4_MEDITERRANEAN_ARISTOCRATIC,,IT|FR|GR|DE|GB,,"Classical-Renaissance-Modern tradition. Carrara marble (IT), Rodin (FR), Henry Moore (GB)."
cultural_interests,cultural-art-photography,Fotografie,Photography,no,universal,,,,,Universal. Both art-photography appreciation and personal practice.
cultural_interests,cultural-art-calligraphy,Calligrafie,Calligraphy,no,cluster_dependent,E7_EAST_ASIAN_CONFUCIAN|E5_GULF_ROYAL|E6_LEVANT_MAGHREB,,JP|CN|KR|TW|SA|AE|IR|MA|TR|EG,,"JP shodō (way-of-writing), CN shūfǎ, KR seoye. Islamic calligraphy (Arabic/Persian/Ottoman). Cultural-depth not Western-tradition."
cultural_interests,cultural-art-ceramics-pottery,Keramiek & Pottenbakkerij,Ceramics & Pottery,no,cluster_dependent,E7_EAST_ASIAN_CONFUCIAN|E1_NW_EUROPE_ARISTOCRATIC|E4_MEDITERRANEAN_ARISTOCRATIC,,JP|CN|KR|GB|IT|FR|DE|NL|PT,,"JP raku/Bizen/Mashiko, CN imperial porcelain (Jingdezhen), KR celadon. European: Meissen (DE), Sèvres (FR), Delft (NL), Wedgwood (GB)."
cultural_interests,cultural-art-street,Straatkunst,Street Art,no,cluster_dependent,E1_NW_EUROPE_ARISTOCRATIC|E2_ANGLOSPHERE_OLD_MONEY,,GB|US|FR|DE|BE|NL|IT|BR,,Banksy-tradition. BE/NL street-art legitimization. Berlin Mauer-art legacy. BR São Paulo+Rio strong.
cultural_interests,cultural-theatre,Theater,Theatre,no,cluster_dependent,E1_NW_EUROPE_ARISTOCRATIC|E2_ANGLOSPHERE_OLD_MONEY|E4_MEDITERRANEAN_ARISTOCRATIC,,GB|FR|DE|US|IT|RU|NL|BE|JP,,"GB West End, FR Comédie-Française, DE Berliner Ensemble, US Broadway, RU MXAT. JP Kabuki/Noh culturally-distinct."
cultural_interests,cultural-dance-ballet,Ballet (klassiek),Ballet (classical),yes,cluster_dependent,E13_CEE_POST_SOVIET|E1_NW_EUROPE_ARISTOCRATIC|E2_ANGLOSPHERE_OLD_MONEY,,RU|FR|GB|US|IT|DE|DK,,"AMB-gated. RU Bolshoi/Mariinsky academic-tradition, FR Paris Opera (origin), GB Royal Ballet, DK Royal Danish. US ABT/NYC Ballet."
cultural_interests,cultural-dance-contemporary,Hedendaagse dans,Contemporary Dance,no,cluster_dependent,E1_NW_EUROPE_ARISTOCRATIC|E2_ANGLOSPHERE_OLD_MONEY,,BE|NL|DE|FR|GB|US,,"BE-NL strong (Anne Teresa De Keersmaeker, NDT), Pina Bausch (DE), Cunningham (US). Modern + post-modern."
cultural_interests,cultural-dance-tango-salsa-world,Wereldse dans (Tango/Salsa/Kathak),World Dance (Tango/Salsa/Kathak),no,country_specific,,,AR|UY|CU|CO|IN|ES,,"Argentine tango (Buenos Aires milongas — UHNW + middle-class), Cuban son/salsa, Indian classical (Kathak/Bharatanatyam), Spanish flamenco."
cultural_interests,cultural-literature-classical,Klassieke literatuur,Classical Literature,no,cluster_dependent,E1_NW_EUROPE_ARISTOCRATIC|E4_MEDITERRANEAN_ARISTOCRATIC|E2_ANGLOSPHERE_OLD_MONEY,,GB|FR|DE|IT|GR|RU|US|JP,,"Western canon (Greek/Roman/Shakespeare/Goethe/Dante), Russian (Tolstoy/Dostoevsky), Japanese (Tale of Genji). Liberal-arts elite tradition."
cultural_interests,cultural-literature-modern,Moderne literatuur,Modern Literature,no,universal,,,,,Universal — modern fiction across languages. Nobel/Booker/Goncourt prizes.
cultural_interests,cultural-literature-poetry,Poëzie,Poetry,no,cluster_dependent,E1_NW_EUROPE_ARISTOCRATIC|E5_GULF_ROYAL|E9_SOUTH_ASIA|E7_EAST_ASIAN_CONFUCIAN,,FR|GB|DE|RU|IT|IR|SA|JP|CN|IN,,"Arab poetry tradition (cultural-prestige Gulf+Levant), Persian (Hafiz/Rumi), Japanese haiku/waka, Chinese classical, European canon."
cultural_interests,cultural-philosophy,Filosofie,Philosophy,no,cluster_dependent,E1_NW_EUROPE_ARISTOCRATIC|E2_ANGLOSPHERE_OLD_MONEY,,FR|DE|GB|US|AT|CH|GR|IT|JP|IN,,"Continental + Analytic + Eastern philosophical traditions. FR-DE Continental school. GB-US Analytic. Asian: Indian darshanas, Chinese Confucian/Daoist, Japanese."
cultural_interests,cultural-history,Geschiedenis,History,no,universal,,,,,Universal — historical-study interest cross-cultural.
cultural_interests,cultural-cinema-arthouse,Arthouse cinema,Arthouse Cinema,no,cluster_dependent,E1_NW_EUROPE_ARISTOCRATIC|E2_ANGLOSPHERE_OLD_MONEY,,FR|IT|DE|JP|KR|US|GB|SE|DK,,"Cannes/Venice/Berlin festival circuit. Auteur tradition: Bergman, Tarkovsky, Kurosawa, Antonioni, Bong Joon-ho."
cultural_interests,cultural-cinema-mainstream,Cinema (mainstream),Cinema (mainstream),no,universal,,,,,"Universal — Hollywood, Bollywood, Asian cinema mass-market."
cultural_interests,cultural-documentary,Documentaires,Documentaries,no,universal,,,,,Universal modern — documentary as cultural practice.
cultural_interests,cultural-architecture-design,Architectuur & Design,Architecture & Design,no,cluster_dependent,E1_NW_EUROPE_ARISTOCRATIC|E2_ANGLOSPHERE_OLD_MONEY|E7_EAST_ASIAN_CONFUCIAN,,IT|FR|DE|NL|BE|GB|US|JP|CH|AT|DK|SE,,"Continental Europe + Anglo + JP modernist tradition. Bauhaus, De Stijl, Italian design (Castiglioni), JP (Ando, SANAA)."
cultural_interests,cultural-garden-landscape,Tuinkunst & Landschapsarchitectuur,Garden & Landscape Architecture,yes,cluster_dependent,E1_NW_EUROPE_ARISTOCRATIC|E2_ANGLOSPHERE_OLD_MONEY|E7_EAST_ASIAN_CONFUCIAN,,GB|FR|IT|JP|CN|NL|BE|DE|US,,"AMB-gated. GB English landscape (Capability Brown), FR formal (Versailles/Le Nôtre), IT Renaissance, JP karesansui zen-gardens + tea-garden, CN classical (Suzhou). Estate-context."
cultural_interests,cultural-interior-design,Interieurontwerp,Interior Design,no,universal,,,,,Universal-modern interest. Cross-cultural design-trends.
cultural_interests,cultural-heritage-museums,Erfgoed & Musea,Heritage & Museums,no,universal,,,,,Universal — museum visits + heritage-site interest.
cultural_interests,cultural-folklore-traditions,Folklore & Tradities,Folklore & Traditions,no,universal,,,,,Universal — local-cultural traditions across countries.
cultural_interests,cultural-comics-bd,Stripverhalen & Bande Dessinée,Comics & Bande Dessinée,no,country_specific,,,BE|FR|JP|US|IT,,"BE-FR Franco-Belgian (Hergé, Goscinny — 9th-art status), JP manga, US comic-book tradition, IT fumetti."
cultural_interests,cultural-gastronomic-culture,Gastronomische cultuur,Gastronomic Culture,no,universal,,,,,Universal — food-as-culture (overlap with Iter 5/6 but here as anthropological interest).
cultural_interests,cultural-collecting-fine-art,Verzamelen van schone kunsten,Fine Art Collecting,yes,cluster_dependent,E1_NW_EUROPE_ARISTOCRATIC|E2_ANGLOSPHERE_OLD_MONEY|E5_GULF_ROYAL|E7_EAST_ASIAN_CONFUCIAN,,GB|US|CH|FR|DE|IT|HK|AE|JP|SG,,AMB-gated. Christie's/Sotheby's auction-context. UHNW collecting. Emerging Asian (HK/SG) + Gulf (AE Sharjah-Sharjah/Abu Dhabi Louvre) buyers.
cultural_interests,cultural-collecting-antiques,Antieken verzamelen,Antiques Collecting,yes,cluster_dependent,E1_NW_EUROPE_ARISTOCRATIC|E2_ANGLOSPHERE_OLD_MONEY,,GB|FR|IT|BE|NL|DE|AT|US|CH,,"AMB-gated. Furniture/silver/clocks/porcelain. TEFAF Maastricht, Olympia London, Paris Biennale. Distinct from Fine Art collecting."
cultural_interests,cultural-collecting-rare-books,Zeldzame boeken & Eerste edities,Rare Books & First Editions,yes,cluster_dependent,E2_ANGLOSPHERE_OLD_MONEY|E1_NW_EUROPE_ARISTOCRATIC,,GB|US|FR|IT|NL|BE|DE,,"AMB-gated. Bibliophilic-elite: Maggs Bros (GB), Heritage Auctions (US), Pierre Bergé (FR). Incunabula + first-edition culture."
social_circles,social-family-dinner,Familiediner,Family Dinner,no,universal,,,,,Universal — family-gathering routine.
social_circles,social-neighborhood,Buurtkring,Neighborhood Circle,no,universal,,,,,Universal — geographic-local community.
social_circles,social-corporate-networking,Bedrijfsnetwerking,Corporate Networking,no,universal,,,,,Universal — professional network-events.
social_circles,social-charity-gala,Gala voor liefdadigheid,Charity Gala,yes,cluster_dependent,E2_ANGLOSPHERE_OLD_MONEY|E1_NW_EUROPE_ARISTOCRATIC|E5_GULF_ROYAL,,US|GB|FR|BE|NL|DE|CH|MC|AE|SA|HK|SG,,"AMB-gated. UHNW philanthropic-social: amfAR, Met Gala, Cannes amfAR, Crillon Ball, Bal de la Rose Monaco."
social_circles,social-academic-conference,Academische conferentie,Academic Conference,no,cluster_dependent,E1_NW_EUROPE_ARISTOCRATIC|E2_ANGLOSPHERE_OLD_MONEY|E7_EAST_ASIAN_CONFUCIAN,,GB|US|DE|CH|FR|BE|NL|JP|SG|HK,,"Academic-elite sphere: TED, Davos academics, Oxbridge/Ivy League conferences."
social_circles,social-private-members-club,Privéclub voor leden,Private Members Club,yes,cluster_dependent,E2_ANGLOSPHERE_OLD_MONEY|E1_NW_EUROPE_ARISTOCRATIC,,GB|US|FR|BE|NL|DE|CH|IT|HK|SG,,"AMB-gated. Annabel's, 5 Hertford St (GB); Brook Club (US); Cercle de l'Union Interalliée (FR); Cercle Royal Gaulois (BE); Soho House (modern)."
social_circles,social-golf-club,Golfclub,Golf Club,yes,cluster_dependent,E2_ANGLOSPHERE_OLD_MONEY|E1_NW_EUROPE_ARISTOCRATIC,,GB|US|JP|FR|BE|NL|DE|CH|ES|IE|ZA|AE,,"AMB-gated. Royal & Ancient (GB), Augusta National (US), Royal Antwerp (BE), Hirono (JP)."
social_circles,social-wine-society,Wijngenootschap,Wine Society,yes,cluster_dependent,E1_NW_EUROPE_ARISTOCRATIC|E4_MEDITERRANEAN_ARISTOCRATIC|E2_ANGLOSPHERE_OLD_MONEY,,FR|IT|ES|PT|DE|AT|GB|US|BE|CH,,"AMB-gated. Confrérie des Chevaliers du Tastevin (Burgundy), Jurade de Saint-Émilion, etc."
social_circles,social-book-club,Boekenclub,Book Club,no,universal,,,,,Universal — literary discussion-circle.
social_circles,social-alumni-network,Alumninetwerk,Alumni Network,no,cluster_dependent,E1_NW_EUROPE_ARISTOCRATIC|E2_ANGLOSPHERE_OLD_MONEY|E7_EAST_ASIAN_CONFUCIAN,,GB|US|FR|DE|JP|KR|SG|HK|IN|CH|BE|NL,,Strongest in elite-school traditions: Oxbridge/Ivy/Grandes Écoles/Tsinghua-Peking/Tokyo Univ alumni networks. Multi-generational continuity.
social_circles,social-diplomatic-reception,Diplomatieke receptie,Diplomatic Reception,yes,country_specific,,,BE|CH|GB|FR|DE|US|NL|AT|IT|VA|JP|RU|CN|IN|SA|AE,,"AMB-gated. Capital-city + diplomatic-hub specific. BE Brussels EU/NATO, CH Geneva UN, VA Holy See."
social_circles,social-volunteer-group,Vrijwilligersgroep,Volunteer Group,no,universal,,,,,Universal — civic-volunteer participation.
social_circles,social-professional-association,Beroepsvereniging,Professional Association,no,universal,,,,,Universal — professional-body networking.
social_circles,social-cultural-salon,Culturele salon,Cultural Salon,yes,cluster_dependent,E1_NW_EUROPE_ARISTOCRATIC|E4_MEDITERRANEAN_ARISTOCRATIC|E2_ANGLOSPHERE_OLD_MONEY,,FR|IT|BE|GB|US|RU|AT,,"AMB-gated. Continental tradition (Parisian salons, Belgian salon culture), modern revivals."
social_circles,social-sports-club,Sportclub,Sports Club,no,universal,,,,,Universal — sport-as-community.
social_circles,social-yacht-club,Yacht Club,Yacht Club,yes,cluster_dependent,E1_NW_EUROPE_ARISTOCRATIC|E2_ANGLOSPHERE_OLD_MONEY|E4_MEDITERRANEAN_ARISTOCRATIC,,GB|MC|FR|IT|ES|NL|BE|US|AU|NZ|SE|DK|TR|GR|HK,,"AMB-gated. Royal Yacht Squadron (GB Cowes), Yacht Club de Monaco, Yacht Club Costa Smeralda (IT), Royal Belgian Sailing Club. Distinct from Golf Club social-context."
social_circles,social-hunt-club,Hunt Club / Sporting Estate,Hunt Club / Sporting Estate,yes,country_specific,,,GB|IE|US|FR|DE|AT|BE|HU|ES,,"AMB-gated. Country-estate weekend tradition: shoot organisation, hunt-following. UK/IE foxhunt continuation post-2004 ban (drag-hunt). FR battue, DE Jagd."
social_circles,social-polo-club,Polo Club,Polo Club,yes,country_specific,,,GB|AR|US|IN|AE|ES|BR|FR,,"AMB-gated. Hurlingham Club (GB Open), Argentine Polo Association (Palermo Open), US Polo Association, Indian Maharaja heritage continuation."
social_circles,social-bridge-club,Bridge Club / Cardplay,Bridge Club / Cardplay,yes,cluster_dependent,E2_ANGLOSPHERE_OLD_MONEY|E1_NW_EUROPE_ARISTOCRATIC|E13_CEE_POST_SOVIET,,GB|US|FR|NL|BE|DE|RU|PL|IT,,"AMB-gated. Duplicate bridge tournaments, Bermuda Bowl. Intellectual-elite card-circle (Buffett/Gates known)."
social_circles,social-royal-court-appearance,Hofappel / Royal Court,Royal Court Appearance,yes,country_specific,,,GB|BE|NL|ES|DK|SE|NO|JP|MC|LI|LU|MA|JO|SA|BT|TH|KH|MY|BN,,"AMB-gated. Buckingham Palace garden party, court-presentation traditions. Tier A active monarchies only."
social_circles,social-order-ceremonies,Order-ceremoniën (Garter/Bath/Toison d'Or),Order Ceremonies,yes,country_specific,,,GB|BE|NL|ES|DK|SE|NO|FR|JP|MC|VA|MA|JO|SA,,"AMB-gated. Order of the Garter (GB), Order of the Bath (GB), Toison d'Or (Habsburg-ES/AT), Légion d'honneur (FR), Order of Leopold (BE). Investiture ceremonies."
social_circles,social-family-office-investment,Family Office / Investment Circle,Family Office / Investment Circle,yes,cluster_dependent,E2_ANGLOSPHERE_OLD_MONEY|E5_GULF_ROYAL|E7_EAST_ASIAN_CONFUCIAN|E1_NW_EUROPE_ARISTOCRATIC,,CH|US|GB|SG|HK|LU|MC|AE|SA|JP|DE|BE|NL,,"AMB-gated. UHNW family-office circuit: Geneva, Zurich, Liechtenstein, Luxembourg, Singapore, Hong Kong, Monaco hubs."
social_circles,social-hunting-estate-weekend,Jacht-estate weekend,Hunting Estate Weekend,yes,cluster_dependent,E2_ANGLOSPHERE_OLD_MONEY|E1_NW_EUROPE_ARISTOCRATIC,,GB|IE|FR|DE|AT|BE|HU|ZA|TZ,,"AMB-gated. Multi-day country-estate hosting: Scottish Highlands, French Sologne, German Jagdhaus, Belgian Ardennes. African safari (ZA/TZ Conservancies)."
social_circles,social-wine-cellar-tasting-weekend,Wijnkelder-degustatieweekend,Wine Cellar Tasting Weekend,yes,cluster_dependent,E1_NW_EUROPE_ARISTOCRATIC|E4_MEDITERRANEAN_ARISTOCRATIC,,FR|IT|ES|PT|CH|DE|AT|BE,,"AMB-gated. Private château/villa multi-day tastings: Bordeaux Grand Cru weekends, Burgundy en primeur, Tuscany Brunello, Rioja. Informal vs Wine Society formal-circle."
social_circles,social-boardroom-dinner,Boardroom Diner / Executive Hosting,Boardroom Dinner / Executive Hosting,yes,universal,,,,,AMB-gated. Executive-hosting at corporate boardrooms or private dining rooms. Universal in Tier A/B/C business centres.
social_circles,social-wedding-celebration,Bruiloft / Huwelijksfeest,Wedding Celebration,no,universal,,,,,Universal — variants per culture/religion. Multi-day traditions in South Asia/Gulf/Mediterranean.
social_circles,social-funeral-memorial,Begrafenis & Herdenking,Funeral & Memorial,no,universal,,,,,Universal — variants per religious/cultural tradition. Specifics in religious-traditions category later.
social_circles,social-religious-life-passage,Religieuze levensovergang (Doop/Communie/Bar Mitzvah/Aqiqah),Religious Life-Passage,no,cluster_dependent,E14_VATICAN_RELIGIOUS|E5_GULF_ROYAL|E6_LEVANT_MAGHREB|E9_SOUTH_ASIA,,VA|IT|BE|FR|ES|PT|IE|PL|IL|SA|AE|MA|IN,,"Cluster-specific: Catholic doop/eerste communie/vormsel, Jewish Bar/Bat Mitzvah, Muslim Aqiqah/Bismillah, Hindu Upanayana, Buddhist novitiate."
social_circles,social-milestone-birthday,Milestone-verjaardag (40/50/60/70/80),Milestone Birthday,no,universal,,,,,Universal — decade-birthdays gain importance after 40. Cross-cultural celebration variants.
social_circles,social-religious-annual-celebration,Religieuze jaarviering (Kerst/Eid/Diwali/Lunar New Year),Religious Annual Celebration,no,cluster_dependent,E14_VATICAN_RELIGIOUS|E5_GULF_ROYAL|E9_SOUTH_ASIA|E7_EAST_ASIAN_CONFUCIAN,,,,"Cluster-specific: Christmas/Easter (Christian), Eid al-Fitr/Eid al-Adha (Muslim), Diwali/Holi (Hindu), Lunar New Year (Confucian-East Asia), Hanukkah/Passover (Jewish)."
social_circles,social-pilgrimage,Pelgrimstocht,Pilgrimage,no,country_specific,,,SA|VA|IT|ES|FR|IL|IN|NP|TH|JP|MX,,"Country-specific: Hajj (SA Mecca — Muslim obligation), Camino de Santiago (ES), Lourdes (FR), Holy Land (IL), Tirupati/Varanasi (IN), Lumbini (NP), Mount Kailash, Shikoku 88 (JP)."
social_circles,social-stadium-event,Sportevenement (stadium-toeschouwer),Stadium Sporting Event,no,cluster_dependent,E2_ANGLOSPHERE_OLD_MONEY|E1_NW_EUROPE_ARISTOCRATIC|E5_GULF_ROYAL,,GB|FR|BE|IT|ES|DE|US|MC|AE|JP|AU|AR|BR,,"Spectator-event social context (apart from active sport): F1 Monaco GP, Ryder Cup, World Cup, Six Nations, Royal Ascot, Wimbledon (royal box). Hospitality-suite culture."
social_circles,social-festival-concert,Festival / Concert,Festival / Concert,no,universal,,,,,"Universal modern: music festivals (Glastonbury/Coachella/Tomorrowland), classical festivals (Salzburg/Bayreuth)."
social_circles,social-hospitality-restaurant-bar,Hospitality-locatie (Restaurant/Bar),Hospitality Venue (Restaurant/Bar),no,universal,,,,,"Universal modern: restaurant-bar-social as 3rd-place. Speakeasy revival, modern dining-room as social-arena."
travel_styles,travel-luxury,Luxe reizen,Luxury Travel,yes,universal,,,,,"AMB-gated. Five-star hotels, private touring, butler-service. Universal among UHNW."
travel_styles,travel-cultural-tourism,Cultuurtoerisme,Cultural Tourism,no,universal,,,,,"Universal — museums, heritage sites, festivals as travel-motivation."
travel_styles,travel-adventure,Avontuurlijk reizen,Adventure Travel,no,cluster_dependent,E2_ANGLOSPHERE_OLD_MONEY|E1_NW_EUROPE_ARISTOCRATIC|E3_NORDIC_MONARCHIES,,US|GB|CA|AU|NZ|CH|FR|DE|NO|SE,,"Trekking, climbing, polar expeditions, wildlife. Stronger in Anglo + Nordic + Alpine cultures."
travel_styles,travel-wellness-retreat,Wellness-retraite,Wellness Retreat,no,cluster_dependent,E2_ANGLOSPHERE_OLD_MONEY|E9_SOUTH_ASIA|E8_SE_ASIA_NON_CONFUCIAN,,US|GB|TH|IN|ID|MA|AT|CH|IT|MX|CR,,"Spa-retreats, ayurveda (IN), yoga retreats, thermal-baths (AT/IT/HU). Tropical wellness (TH/ID Bali)."
travel_styles,travel-family,Gezinsreizen,Family Travel,no,universal,,,,,Universal — family-vacation with children.
travel_styles,travel-solo,Solo-reizen,Solo Travel,no,cluster_dependent,E2_ANGLOSPHERE_OLD_MONEY|E1_NW_EUROPE_ARISTOCRATIC|E3_NORDIC_MONARCHIES,,GB|US|AU|CA|NL|DE|SE|NO|JP,,Independent-individual travel. Stronger in individualist cultures + Japanese solo-travel tradition.
travel_styles,travel-eco-sustainable,Eco / Duurzaam reizen,Eco / Sustainable Travel,no,cluster_dependent,E3_NORDIC_MONARCHIES|E1_NW_EUROPE_ARISTOCRATIC|E2_ANGLOSPHERE_OLD_MONEY,,NO|SE|DK|FI|CH|DE|NL|GB|US|CR|NZ,,"Conscientious-traveler movement. Eco-lodges, carbon-conscious, low-impact."
travel_styles,travel-heritage-historical,Erfgoed & Historisch reizen,Heritage & Historical Travel,no,universal,,,,,"Universal — UNESCO sites, archaeological tours, history-focused itineraries."
travel_styles,travel-yacht-charter,Yachtcharter / Cruise,Yacht Charter / Cruise,yes,cluster_dependent,E4_MEDITERRANEAN_ARISTOCRATIC|E2_ANGLOSPHERE_OLD_MONEY|E5_GULF_ROYAL,,FR|IT|GR|ES|HR|TR|MC|BS|VG|AE|US|MV,,"AMB-gated. Mediterranean charter (FR/IT/GR/HR/TR), Caribbean (BS/VG), Maldives, Gulf coast. Distinct from cruise-line mass-tourism."
travel_styles,travel-safari,Safari,Safari,yes,country_specific,,,KE|TZ|ZA|BW|NA|ZM|ZW|RW|UG|IN,,"AMB-gated. East/South African safari (Maasai Mara, Serengeti, Okavango). Indian tiger-safari (Ranthambore, Bandhavgarh). Conservancies."
travel_styles,travel-private-jet,Privé-jet reizen,Private Jet Travel,yes,universal,,,,,AMB-gated. UHNW global travel-mode. NetJets/VistaJet membership context.
vehicle_preferences,vehicle-vintage-classic-cars,Vintage / Klassieke auto's,Vintage / Classic Cars,yes,cluster_dependent,E2_ANGLOSPHERE_OLD_MONEY|E1_NW_EUROPE_ARISTOCRATIC|E4_MEDITERRANEAN_ARISTOCRATIC,,GB|US|IT|FR|DE|MC|BE|CH|NL,,"AMB-gated. Collecting + concours d'élégance: Pebble Beach, Villa d'Este, Goodwood Revival, Salon Privé. Bonhams/RM Sotheby's auctions."
vehicle_preferences,vehicle-sports-supercar,Sportwagen / Supercar,Sports / Supercar,yes,universal,,,,,"AMB-gated. Ferrari, Lamborghini, McLaren, Aston Martin, Porsche 911. Universal UHNW."
vehicle_preferences,vehicle-luxury-sedan-coach,Luxe sedan (Rolls/Bentley),Luxury Sedan / Coach (Rolls-Royce/Bentley),yes,universal,,,,,"AMB-gated. Rolls-Royce Phantom/Ghost, Bentley Mulsanne/Flying Spur, Maybach. Chauffeur-driven."
vehicle_preferences,vehicle-luxury-suv,Luxe SUV (Range Rover/G-Class),Luxury SUV,no,universal,,,,,"Range Rover, Mercedes G-Class, Bentley Bentayga, Rolls-Royce Cullinan. Premium-mass overlap."
vehicle_preferences,vehicle-modern-ev-elite,Modern EV (Tesla/Porsche Taycan/Lucid),Modern EV (elite),no,cluster_dependent,E2_ANGLOSPHERE_OLD_MONEY|E1_NW_EUROPE_ARISTOCRATIC|E3_NORDIC_MONARCHIES|E7_EAST_ASIAN_CONFUCIAN,,US|NO|NL|GB|DE|CH|SE|DK|CN|HK,,"Tesla S/X, Porsche Taycan, Lucid Air. Strong in NW Europe + Nordic + Anglo + East Asian early-adopters. NO highest EV-penetration."
vehicle_preferences,vehicle-motorcycle,Motorfiets,Motorcycle,no,universal,,,,,"BMW, Harley-Davidson, Ducati, Triumph, Honda. Universal — BMW R-series Continental, Harley Anglo-American, Ducati Italian."
vehicle_preferences,vehicle-motor-yacht,Motorjacht,Motor Yacht,yes,cluster_dependent,E4_MEDITERRANEAN_ARISTOCRATIC|E2_ANGLOSPHERE_OLD_MONEY|E5_GULF_ROYAL,,MC|IT|FR|ES|GR|GB|US|AE|RU|HK,,"AMB-gated. Superyacht segment 30m+. Feadship, Lürssen, Benetti, Heesen. Med-charter ownership."
vehicle_preferences,vehicle-sailing-yacht,Zeiljacht,Sailing Yacht,yes,cluster_dependent,E1_NW_EUROPE_ARISTOCRATIC|E2_ANGLOSPHERE_OLD_MONEY|E3_NORDIC_MONARCHIES,,GB|NL|FR|IT|MC|US|AU|NZ|SE|DK|NO,,"AMB-gated. Wally, Swan, Oyster, Hallberg-Rassy. Cruising + racing variants."
vehicle_preferences,vehicle-private-jet,Privé-jet,Private Jet,yes,universal,,,,,"AMB-gated. Gulfstream G650/G700, Bombardier Global 7500, Dassault Falcon. Fractional (NetJets/VistaJet) or full ownership."
vehicle_preferences,vehicle-helicopter,Helikopter,Helicopter,yes,universal,,,,,"AMB-gated. Airbus H145/160, Bell, Leonardo AW139. UHNW commute + estate-access. Monaco/Paris/London hub."
residence_style,residence-pied-a-terre,Pied-à-terre (stadsappartement),Pied-à-terre,yes,country_specific,,,FR|GB|US|IT|MC|BE|NL|CH|HK|SG,,"AMB-gated. Secondary city-apartment for elite-cities: Paris 6e/7e/8e/16e, London Mayfair/Belgravia/Knightsbridge, NYC Upper East/Tribeca, Milan Brera, Hong Kong Peak."
residence_style,residence-country-estate-manor,Buitengoed / Manor,Country Estate / Manor,yes,cluster_dependent,E1_NW_EUROPE_ARISTOCRATIC|E2_ANGLOSPHERE_OLD_MONEY,,GB|FR|BE|NL|DE|IT|ES|US|IE|AT|CZ,,"AMB-gated. Country house tradition: GB manor, FR château, IT villa, BE kasteel, NL landgoed, DE Schloss. Multi-generational ancestral."
residence_style,residence-beach-villa,Strandvilla,Beach Villa,yes,cluster_dependent,E4_MEDITERRANEAN_ARISTOCRATIC|E2_ANGLOSPHERE_OLD_MONEY|E5_GULF_ROYAL,,FR|IT|ES|MC|PT|GR|HR|US|MX|BS|MV|TH|ID,,"AMB-gated. Mediterranean: Saint-Tropez, Capri, Marbella, Mykonos. Caribbean. Tropical Asia (Phuket, Bali)."
residence_style,residence-mountain-chalet,Berg-chalet,Mountain Chalet,yes,country_specific,,,CH|AT|FR|IT|US|CA,,"AMB-gated. Alpine chalet tradition: Gstaad, St. Moritz, Verbier, Zermatt, Klosters, Courchevel, Aspen, Whistler."
residence_style,residence-penthouse,Penthouse,Penthouse,yes,cluster_dependent,E2_ANGLOSPHERE_OLD_MONEY|E5_GULF_ROYAL|E7_EAST_ASIAN_CONFUCIAN,,US|GB|AE|HK|SG|JP|FR,,"AMB-gated. Skyline-residence: NYC, London, Dubai, Hong Kong, Singapore. Modern UHNW signature."
residence_style,residence-townhouse,Stadsherenhuis (Townhouse),Townhouse,yes,country_specific,,,GB|US|NL|BE|FR|DE|AT,,"AMB-gated. London townhouse (Mews/Belgravia), NYC Upper East side, Dutch grachtenpand, Belgian herenhuis."
residence_style,residence-hotel-particulier,Hôtel particulier (FR),Hôtel Particulier (FR),yes,country_specific,,,FR|BE,,AMB-gated. FR-specific: stand-alone urban mansion. Paris 7e/8e/16e/Marais. Belgian variant in Brussels Sablon-Louise.
residence_style,residence-palazzo,Palazzo (IT),Palazzo (IT),yes,country_specific,,,IT|VA,,AMB-gated. IT-specific: historic urban palace. Rome/Florence/Venice piano nobile traditions.
residence_style,residence-multi-residence-global,Multi-residence / Global Home,Multi-residence / Global Home,yes,universal,,,,,AMB-gated. UHNW global-lifestyle: 3+ properties across continents. Monaco/London/Aspen/Mauritius rotation patterns.
residence_style,residence-primary-modern,Moderne hoofdresidentie,Modern Primary Residence,no,universal,,,,,Universal — single primary-home modern context. Mid-class baseline.
education_tradition,education-boarding-school-uk,Boarding School (UK-elite),Boarding School (UK-elite),yes,country_specific,,,GB|IE|US|CA|AU|NZ|ZA|HK|SG,,"AMB-gated. UK boarding-school system (Eton, Harrow, Winchester, Westminster, Charterhouse, Marlborough). Anglo diaspora continuation."
education_tradition,education-ivy-league,Ivy League (US),Ivy League (US),yes,country_specific,,,US,,"AMB-gated. 8 schools: Harvard, Yale, Princeton, Columbia, Penn, Cornell, Brown, Dartmouth. Multi-generational alumni networks."
education_tradition,education-oxbridge,Oxbridge (Oxford & Cambridge),Oxbridge,yes,country_specific,,,GB,,"AMB-gated. Oxford + Cambridge colleges system. Continental + Anglo-elite tradition. Specific college affiliations (Christ Church, Trinity, King's)."
education_tradition,education-grandes-ecoles-fr,Grandes Écoles (FR),Grandes Écoles (FR),yes,country_specific,,,FR|BE|CH,,"AMB-gated. ENA (now INSP), HEC Paris, Polytechnique (X), Sciences Po, ENS Ulm, INSEAD. FR-elite formation pipeline."
education_tradition,education-russell-group,Russell Group (UK),Russell Group (UK),no,country_specific,,,GB,,"24 UK research-intensive universities (Oxbridge + Imperial, UCL, LSE, KCL, Manchester, etc.). Broader than Oxbridge."
education_tradition,education-continental-aristocratic,Continental Aristocratic Schools,Continental Aristocratic Schools,yes,cluster_dependent,E1_NW_EUROPE_ARISTOCRATIC|E4_MEDITERRANEAN_ARISTOCRATIC,,CH|GB|FR|DE|AT|IT|BE,,"AMB-gated. Le Rosey, Aiglon College, Institut Le Rosey (CH); Salem (DE); Theresianum (AT); Collegio Capranica (IT)."
education_tradition,education-asian-elite-universities,Aziatische elite-universiteiten,Asian Elite Universities,no,cluster_dependent,E7_EAST_ASIAN_CONFUCIAN,,JP|CN|KR|SG|HK|TW,,"Tokyo Univ, Kyoto Univ, Keio, Waseda (JP); Tsinghua, Peking, Fudan (CN); Seoul National, KAIST (KR); NUS, NTU (SG); HKU, CUHK (HK)."
education_tradition,education-indian-elite-iit-iim,Indiase elite (IIT/IIM/AIIMS),Indian Elite (IIT/IIM/AIIMS),no,country_specific,,,IN,,"Indian Institutes of Technology (IITs), Indian Institutes of Management (IIMs), AIIMS medical, IISc, Delhi University St. Stephen's."
education_tradition,education-modern-tech,Modern Tech (Stanford/MIT/ETH),Modern Tech (Stanford/MIT/ETH),no,country_specific,,,US|CH|GB|SG|IL,,"Stanford, MIT, Caltech (US); ETH Zürich, EPFL (CH); Imperial (GB); NUS Engineering (SG); Technion (IL). Tech/STEM-elite formation."
education_tradition,education-religious-academic,Religieus-academisch,Religious-Academic,no,cluster_dependent,E14_VATICAN_RELIGIOUS|E5_GULF_ROYAL,,VA|IT|GB|FR|US|IL|SA|EG,,"Pontifical universities (VA Gregoriana), Yeshiva universities (IL/US Orthodox), Al-Azhar (EG Sunni-authority), Qom seminaries (IR Shia)."
religious_tradition,religious-catholic,Katholiek (Rooms),Catholic (Roman),no,cluster_dependent,E14_VATICAN_RELIGIOUS|E4_MEDITERRANEAN_ARISTOCRATIC|E10_LATIN_AMERICA_CRIOLLO,,VA|IT|FR|ES|PT|IE|PL|BE|HR|HU|AT|PH|MX|BR|AR|CO|CL|PE,,Roman Catholic + Eastern Catholic. Latin Mass + Novus Ordo traditions. Vatican-centric. Major in LatAm + Iberian + IT + Irish + Polish.
religious_tradition,religious-anglican-episcopal,Anglicaans / Episcopaals,Anglican / Episcopal,no,country_specific,,,GB|US|CA|AU|NZ|ZA|NG|KE,,Church of England + Anglican Communion. US Episcopal Church. African Anglican (NG/KE strong).
religious_tradition,religious-orthodox-christian,Orthodox Christen,Orthodox Christian,no,cluster_dependent,E13_CEE_POST_SOVIET,,GR|RU|UA|RO|BG|RS|GE|AM|EG|ET|CY,,Eastern Orthodox (Greek/Russian/Romanian/Bulgarian/Serbian) + Oriental Orthodox (Coptic EG/Armenian/Ethiopian). Distinct liturgical traditions.
religious_tradition,religious-protestant,Protestant (algemeen),Protestant (general),no,cluster_dependent,E2_ANGLOSPHERE_OLD_MONEY|E3_NORDIC_MONARCHIES|E1_NW_EUROPE_ARISTOCRATIC,,US|GB|NL|DE|CH|SE|NO|DK|FI|ZA|KR,,"Lutheran (DE/Nordic), Calvinist (NL/CH), Methodist + Baptist + Pentecostal (US/Anglo + African + Korean). Korean Protestant 30%+ population."
religious_tradition,religious-islam-sunni,Soenni-Islam,Sunni Islam,no,cluster_dependent,E5_GULF_ROYAL|E6_LEVANT_MAGHREB|E8_SE_ASIA_NON_CONFUCIAN,,SA|AE|QA|KW|BH|OM|YE|JO|EG|MA|DZ|TN|TR|ID|MY|BN|PK|BD|NG|SN|ML|SO,,85-90% of Muslims globally. Four schools (Hanafi/Maliki/Shafi'i/Hanbali). Gulf Wahhabi/Salafi variants.
religious_tradition,religious-islam-shia,Sjia-Islam,Shia Islam,no,country_specific,,,IR|IQ|BH|AZ|LB|YE|SY,,"10-15% globally. Twelver (IR/IQ majority), Ismaili (Aga Khan-led globally), Bohra (IN trade-community), Zaidi (YE). Distinct theological-jurisprudential."
religious_tradition,religious-sufi-mystic-islam,Soefi (mystieke Islam),Sufi (mystic Islam),no,cluster_dependent,E9_SOUTH_ASIA|E6_LEVANT_MAGHREB|E5_GULF_ROYAL,,TR|IR|PK|IN|EG|MA|SY|SD,,"Tariqas (Naqshbandi/Qadiri/Mevlevi/Chishti). Whirling Dervishes (Mevlevi TR), Qawwali (Chishti South Asia). Cross-tradition mystical."
religious_tradition,religious-buddhist-mahayana,Boeddhist — Mahayana (Oost-Aziatisch),Buddhist — Mahayana,no,cluster_dependent,E7_EAST_ASIAN_CONFUCIAN,,CN|JP|KR|TW|VN|SG,,"Mahayana school: Chinese Chan, Japanese Zen + Pure Land, Korean Seon, Vietnamese. Larger temples + bodhisattva-tradition."
religious_tradition,religious-buddhist-theravada,Boeddhist — Theravada (Zuidoost-Aziatisch),Buddhist — Theravada,no,cluster_dependent,E8_SE_ASIA_NON_CONFUCIAN,,TH|MM|KH|LA|LK,,Theravada (Path of Elders): TH/MM/KH/LA + LK. Sangha-monk tradition strong. Ordination life-stage common.
religious_tradition,religious-buddhist-tibetan-vajrayana,Boeddhist — Tibetaans (Vajrayana),Buddhist — Tibetan Vajrayana,no,country_specific,,,BT|MN|NP|IN,,"Vajrayana: BT national religion, MN, Tibetan diaspora (IN Dharamsala — Dalai Lama). Tantric + lineage-tradition."
religious_tradition,religious-hindu,Hindoeïst,Hindu,no,cluster_dependent,E9_SOUTH_ASIA|E8_SE_ASIA_NON_CONFUCIAN,,IN|NP|MU|FJ|BT|ID,,1.2B globally. Vaishnava (Vishnu-focused) + Shaiva (Shiva) + Shakta (Devi) + Smarta. Sect + jati-context complex.
religious_tradition,religious-sikh,Sikh,Sikh,no,country_specific,,,IN|GB|CA|US,,"Punjabi-origin: monotheistic, 10 Gurus + Guru Granth Sahib. Strong diaspora Anglo (GB/CA/US). Khalsa identity (turban, kirpan, etc.)."
religious_tradition,religious-jewish,Joods (Orthodox/Conservatief/Reformed),Jewish (Orthodox/Conservative/Reform),no,country_specific,,,IL|US|FR|GB|AR|CA|RU|UA|HU|AU|BE,,"Branches: Haredi/Modern Orthodox, Conservative/Masorti, Reform/Progressive. IL/US largest, FR largest in Europe. Sephardi vs Ashkenazi traditions."
religious_tradition,religious-secular-non-religious,Secular / Niet-religieus,Secular / Non-religious,no,cluster_dependent,E3_NORDIC_MONARCHIES|E13_CEE_POST_SOVIET|E7_EAST_ASIAN_CONFUCIAN,,CZ|EE|SE|NO|DK|NL|CN|JP|VN|UY,,Strongest in Nordic + post-Soviet + East Asian Confucian (CN officially atheist). Distinct from atheist-militant.
